text,Insult,Threat,Identity_Attack,Profanity,Toxicity,Severe_Toxicity
fuck this horrendous woman supertanskii trying to blame corbyn and his supporters for her nazi cosplaying little wonder she defends the racist baddiel,0.17924712747892466,0.0026300885303885777,0.08490974493115369,0.008956338418692603,0.25749059029842863,0.006358317494024643
baddiel rightfully calls out bigots who masquerade as “human rights activists” sound familiar,0.17820046615905147,0.0030956698807148506,0.10395889789423077,0.011489446834349045,0.23689464012426292,0.005578864315299925
shes a serial liar irelandpalestinianterritoriesraisedfist,0.6884260738864975,0.006497996569531473,0.07338407087314841,0.17641075147661192,0.5294135543130463,0.0302498253741103
she is completely delusional is she more concerned that someone she once thought was a friend now finds her so noxious that he is sharing old screenshots or is it the fact shes been outed as someone who found it funny to pose in a hitler moustache neither looks good grimacingface,0.39793329231763197,0.0100435803565577,0.09347590757764367,0.11949001295674665,0.38233108801680127,0.024680399922817675
yes i queried her support for baddiel politely and she went into orbit no debate no discussion just whooooosh wow,0.016569185516414012,0.0032031118052718195,0.0029128184546274747,0.006857479006334148,0.05091402536353282,0.001551689230620138
sorry which baddiel is that and what did they say,0.011771293550598378,0.003776135218478173,0.006405856574509877,0.011417070764535894,0.03953423676256797,0.0018836785783159042
did you know a decent amount of medical treatments we use today were the result of research that came from inhumane nazi and japanese involuntary experiments on jews and pows back around ww2 it is disturbing to learn how it was done,0.08488797714409409,0.011117999602127396,0.3506723456617476,0.05071223407804937,0.25671915141967033,0.014787960377474993
i actually watched a simple history video on those experiments one of the things was a japanese experiment that led to treating frostbite,0.010013447726680162,0.006605439047380894,0.02698232463533454,0.018365019858136482,0.04914383543499669,0.003298241793760156
careful now tango with how things have been going on tweeter people may start harassing you for using modern medicine xd,0.051574932512009425,0.09808624717194936,0.02876518372215784,0.0665366896835952,0.20672449846996516,0.009649342160955502
cannot actually wrap my head around the fact keffals said shes a person of color because shes italian i think its more likely well see the rapture tomorrow then keffals be a victim of racism because shes fucking italian,0.515514132402446,0.06810631979213685,0.7192052001300232,0.7044968335909094,0.7327109336219351,0.49075041331128144
ok bro its satire the word is wop not wap,0.010013447726680162,0.0018869485752567219,0.003733330722140999,0.015687163540328546,0.029064776295853367,0.004424118725194042
i predicted this in 1995,0.004195812129433982,0.005423578707192903,0.006312083508586053,0.008956338418692603,0.022077836748097525,0.0023600112193716584
has to be satire like what,0.009260084522671748,0.004420787319112444,0.0070622662617933155,0.012864559320369125,0.03267871618445316,0.0021867992673396727
hmm fill me in,0.015859261015052275,0.009757068926600748,0.008797063736016807,0.030808818057538722,0.03953423676256797,0.004539593359882032
why are we giving him praise when we all know if we asked him to speak up about racism he is the first to decline,0.06950446230302737,0.0042238096735936915,0.07684176916200118,0.01496341873272758,0.18512609072488106,0.006416054811368638
i’m not defending him there is nothing to defend my original statement was that i was glad he spoke out in support of those who wanted to use their voice politically that’s itwomanshruggingmediumlightskintone,0.004112106208167327,0.00201229767167067,0.0021040278361953513,0.001682706545251161,0.016473855845933597,0.0003103378158530667
stfu,0.268182291175451,0.0015556694231419928,0.0065465156031224,0.427650866225184,0.3329405285029627,0.0341269285374275
toxic fan,0.5638189676148101,0.004599856271219973,0.01039120129453611,0.4362312548190616,0.47809803665781675,0.08611330212641698
how do some lh fans find a reason to be mad at everything if he said drivers shouldnt be allowed to make political statements then you would also be mad,0.1554582658043119,0.003417995931031984,0.0065465156031224,0.036912529747218856,0.20430550787759644,0.003529191063136138
why are you so triggered,0.051574932512009425,0.009470556113412666,0.008281313330800653,0.03558563866520674,0.15421376574478787,0.005088097420585574
it’s offensive that you can throw the topic about anyhow in useless situations when there are situations you could be highlighting if you really cared about the topic not just when you want it to suit your agenda it’s honestly disgusting to see,0.45364691026574033,0.0031672982914965394,0.00889083629503111,0.10764284909233603,0.3931713130403008,0.008379122238871236
sis don’t be shallow not everyone has to be an open advocate of racism even some black people themselves see best to stay out of political and public racism debates protests and issues but does it mean they careless or are racist towards their own 12,0.2040032835211744,0.005065439419746713,0.46754042488788955,0.08948283720630391,0.3339978479022361,0.016058179845494843
mía khalifa mad weird for wearing a hijab while making a porn video,0.3989177905680601,0.0463724459363422,0.4756344139864862,0.4543986547424309,0.6412962544764235,0.25590144198609516
that was crazyyskullandcrossbones,0.061879669509367234,0.001385552881216492,0.0029597049242256965,0.0733862869867764,0.11305913504918286,0.005434521021939936
that was just disrespectful as hell,0.268182291175451,0.007250089764784036,0.017940685925409226,0.4604874293333937,0.47864894468415636,0.0341269285374275
jew here wavinghand and i know she’s a disgrace and an antisemite jeremy knows she’s an antisemite too her racism is hardly subtle but he’s putting his career before doing the right thing and calling out her antisemitism iihanomarantisemitism,0.5775198006381813,0.026071678373090018,0.6502188693322084,0.27255063301183796,0.5716262915070086,0.25590144198609516
whats bad about antisemitism though isnt it just what they call you when they cannot call you a liar i thought thats what it meant its a trick and they always use it when they cannot address the substance of your argument like any ist its just avoidance of substance,0.2648959200159742,0.004456601247857062,0.2739719037618376,0.07509868233993906,0.2914158487951945,0.010457664149707023
wasn’t there a name for those sort of people,0.0341613352707675,0.012697053377422992,0.15555830809116217,0.05761208041693676,0.16426800588957582,0.011958833341167268
… i have no idea who he was until now…there are few things in life left for me to feel sickened about but this individual makes me feel literally sick to my stomach… his family must be so very proud of him… he must be so very proud of himself,0.08624710040560825,0.03013183243903291,0.1634766150218412,0.10829855594496407,0.24301440705611194,0.020088063575759308
you sold ur jewish soul to a hater of ur people how proud can you really be we jews have a long memory and in future you will ask for our support we will send you back to ur squad,0.36687537163140327,0.25416654805459743,0.5773783153403055,0.2097636191097753,0.4328332665446369,0.0521837504707508
he’ll have a place in the first boxcar on the second train,0.03180734847451361,0.029415333930391217,0.12890838899532236,0.03877018573698543,0.16338225364646236,0.013055840857155132
she uses the livingstone style smokescreen in this case referring to her race,0.165739667419807,0.03634147926443862,0.4701959844785252,0.1540362488405514,0.3429618842613489,0.0341269285374275
i would not challenge omar’s progressive credentials if jeremy supports her “as a progressive” i accept that however he probably views judaism with a historical and religious tie to brooklyn and not jerusalem,0.02525424413444388,0.0030777634004734346,0.15114606622146856,0.014094926022975122,0.1155490054473674,0.004279775583188859
sickening,0.1889493574064735,0.0023614839956423786,0.0882344250920882,0.1260257775784027,0.23836931625726218,0.0341269285374275
how the fuck you do the count and forget me ðÿ¤­,0.3107330664067285,0.012219389088226326,0.019214156701711584,0.8152561621377274,0.6929036836711226,0.2936696723608126
youre pretty aslðÿ’trademark,0.029744333084624083,0.0023435766854622876,0.00954724636249669,0.1372299787956866,0.09601881809901158,0.009129706758923958
nice,0.0023751847994390026,0.0016093908003898157,0.0026080567190574855,0.005373803474963041,0.008060307386246834,0.0012630029466097704
following accusations of the nutcracker ballet of suprematism and racism british scientists from the university of aberdeen studied stravinskys petrushka ballet and found that the scene of the death of the protagonist in the production is too cruel,0.02175162501444664,0.035386149302814154,0.06589238406608247,0.03027806162473388,0.10577592322859114,0.006762478412723001
none of civilized people watch anything that comes from russia in the educated peoples homes you will not find any russian sound,0.1766952585829405,0.006533811189891655,0.4183438038479729,0.020825751144611066,0.3090022387344757,0.01513438276799092
death of a puppet you’re a russian puppet hits a bit too close to home hey troll,0.5587418396697197,0.20167223514021768,0.3562505047797109,0.1685253087521346,0.5156136629589292,0.0366936593165894
who gives af about bongss opinions,0.16965237225577784,0.0020212506351451522,0.02201579114230296,0.1493678334322976,0.2026407422048003,0.01872013474325162
the russian nutcracker ballet sucks,0.5554682557752368,0.003722414671169027,0.46449536869255437,0.5204490009667406,0.6412962544764235,0.22496874270709877
a question for you what part do you play in 1984,0.0338703605602003,0.0019048558854368128,0.005702560671082979,0.012936935390182275,0.10178437511000286,0.0023311425606996608
yea the west is being destroyed by cultural marxism resulting in this burning pile of bs how can we exist in a future based on this,0.277785989774287,0.051113723758065235,0.2196455230952245,0.217779618433254,0.36049323859715265,0.0254620718116243
the russians,0.025739661269584095,0.0020749721507160885,0.0497021209742144,0.026297379903747937,0.07744632998327806,0.005780944926003909
a another bit of useless information when there is nothing else to tweet about,0.4313591699697255,0.0016720645878196706,0.00453039956476434,0.04593541241101265,0.3769282763517985,0.005376783704595941
“katja lawrence was unmasked earlier this week along with her husband logan lawrence as the cofounders of the “dissident homeschool” group an online network of likeminded parents who are indoctrinating their children with nazi ideology that is based in upper sandusky ohio,0.06669340072220076,0.008825904012778399,0.14673383068814402,0.02311283283196926,0.18512609072488106,0.011035036263663343
the bill will come due in about 10 years when these kids have to integrate into the larger society,0.0034843032628100777,0.002880786308247136,0.007015380299104617,0.0024788253039278747,0.01798204297798191,0.00077223605189542
nazism with a pretty face is still nazism,0.1118364949006396,0.010330091786514652,0.3437118062564754,0.07475619903183171,0.2895475515657789,0.02849105984042527
the ohio department of education confirmed earlier this week to vice news that it is investigating the case”,0.0007533630938683193,0.001967530087836006,0.0022915734611334768,0.0,0.0037893074044664386,0.0
so basically posey parker’s antitrans rally in glasgow was attended by british nazis american nazis anti immigration campaigners the anti abortion mob and some oldies they didn’t bring any disco tunes though terf wind and fired would have been apt nailpolish,0.08325702812887614,0.029892999602819013,0.3546522697447902,0.05283526192800615,0.25671915141967033,0.01989264484678363
this is why your side has no credibility you only see what you want to see in your eyes the left can do no wrong,0.07194710086150014,0.002558460672899339,0.032840287671777775,0.002804510202506133,0.14393557035546298,0.002489919956363441
oh dear god i cannot believe the country i live in i am so fed up with it allcryingface,0.08298520237517237,0.0065696251186362735,0.25895346721600304,0.08023587899311407,0.25671915141967033,0.012824893101327197
these people are campaigning against trans existence and get offended when they see a sign that says fuck terfs they dont care about swearing theyre just using it as some sort of moral high ground where swearing is met with pure shock,0.4368604584334904,0.022966855652002724,0.5313157257897405,0.6681791849234782,0.5517550960360661,0.25590144198609516
can you provide hard evidence of this,0.0019147970008179032,0.002862879551359495,0.004389740409424437,0.0016646135871665763,0.011078908527426958,0.00041859524803435663
mafias against abortion i call them prolife but you cannot talk about this no matter how many hormone treatments you do,0.06707849454928742,0.024161018449841087,0.11653847867049243,0.07646860497868141,0.234682605480632,0.013113578174499128
i bet miss mombasa is a baddie too wish to see her without hijab,0.26564968578202874,0.18364917617935456,0.42612965532030406,0.2257956283504197,0.4016808661218857,0.03640941347983894
siet that was uncalled for,0.009301938309355787,0.0007409014721977865,0.001939925509420027,0.09485660784083716,0.040292887836729276,0.011785621389135283
open dm,0.009678619636009755,0.0024331118531316157,0.0012249075767295859,0.0733862869867764,0.031233138184600027,0.006329448683997841
yoo for gods sake goddamn personfacepalming send a pic dm without hijab,0.20126621405596293,0.06542327743945325,0.29483968334767763,0.4680662695677463,0.36909883821110645,0.08611330212641698
me too facewithtearsofjoyfacewithtearsofjoy,0.001077727875542835,0.00015444785300258897,0.0003399265560868102,0.009028714488505757,0.00356451844822449,0.0018981129833293053
something that irritates me i find it distasteful that we tear each other down regardless of whether we agree on politics or personal choices etc perpetuating personalized hate like fatshaming abelism mentalillness ageism racism etc has nothing to do with politics,0.07753027738426876,0.006283112997063758,0.08029946618358016,0.061858141413693835,0.20145162970826938,0.008263647604183248
agreed,0.0009103134997873472,8.505847844741867e-05,0.0004805857747904041,0.004939557120086813,0.0027938116738348757,0.001955850300673301
my rule of thumb though i am not perfect when i want to dish it out i try to pinpoint what theyre actually doing or saying that deserves to be called out,0.016853155316958707,0.017951370241204245,0.007296698102874901,0.013733055208227693,0.07501943364504579,0.001999153213003895
you’d have to be so passionate about racism to pay money to watch this guy and force yourself to laugh plus you have to look at his head the whole time which is like a leg of ham with a beard,0.4166236148127459,0.054691116328105624,0.2890659585357588,0.22465049315684205,0.4328332665446369,0.0341269285374275
can you imagine the shame of knowing someone who attends his gigs or is a fan or people who think it’s a good date,0.0367411290863603,0.0022003209704838118,0.006265197292442594,0.007653599883748266,0.10666293278582563,0.0018548099196439062
youre paying to see racism youre definitely not paying to see a worthwhile comedian,0.17924712747892466,0.0026300885303885777,0.08490974493115369,0.008956338418692603,0.25749059029842863,0.006358317494024643
plagiarising 4chan instead of cumtown like every other newtown fuckwit is actually brave and different,0.6190712968183228,0.015085378973099722,0.13202636919462965,0.7400449674259114,0.6929036836711226,0.5314551993355775
telling the type of jokes that even your racist great grandfather would cringe at ffs,0.515514132402446,0.009184044683455714,0.3035002705655558,0.1883488621442055,0.47809803665781675,0.0341269285374275
they’re a nazi those tattoos should be cut straight off their bodies,0.4368604584334904,0.7194010393432705,0.6395500713299827,0.3107135960236418,0.5980215468431465,0.4302545032970587
i would’ve castrated him personshruggingmediumskintone hypothetically,0.26564968578202874,0.7497889396783693,0.06358725102866473,0.3490296378130802,0.5156136629589292,0.3507044309724113
he’s going way too easy on him i’m mad,0.06553810822693128,0.013891217558492482,0.008468858829011399,0.07646860497868141,0.16869670577274695,0.005983025233998283
i still cannot get over that new york times headline saying ron desantis is building his brand by wrecking public education on florida and i went back to see how nyt covered the nazi book burnings in 1933 this passage certainly reminds me of desantis,0.06804124013101355,0.01293588621363689,0.12890838899532236,0.04062783537053978,0.20335421174713206,0.009476130208923517
id like to know person responsible at for the headline building his brand about actions of gov desantis to try censor school curricula and ban books headline writers now carry more public opinion shaping powers because of news consumers skim n scroll behaviors,0.026831844591995085,0.007393346862993639,0.02061497328837037,0.013805428099934736,0.09912335154933236,0.0026486975033820255
i am sure you know what the fight is for public education i am poor white trash i became a teacher because us education allowed me to do so a student of mine who was severely fas was able to go into the military and succeed because of public education we wont be stopped,0.472182232605592,0.008109625437886018,0.5826756846007666,0.2570912337427305,0.45022770652810473,0.0341269285374275
his brand shi on human rights,0.14349599417567901,0.003238926010662665,0.02099701452126108,0.5634266358299833,0.3423169945599774,0.0806845730744654
why won’t talk about the massive corruption and the jailing of a man set up by the criminals,0.0867907519130158,0.0382521364212253,0.047415125159527956,0.03213571337702564,0.20311639538106552,0.007744012202151703
as a former resident of manatee county i can honestly say there will be no loss to society the world if this part of florida becomes even more racist more fascist,0.47158655091745116,0.009255672540944952,0.48321663990344693,0.08194827964312025,0.43833942329715025,0.031617753449843966
you cannot judge from this time you cannot see anything about hitler without knowing all you know now after it is over your mind cannot do it from the perspective of 2023 on 1923 1933 it is obvious back then they were being evenhanded,0.04641535038782856,0.009255672540944952,0.04578155979813117,0.013443556225818602,0.16099440968927117,0.007339850980743736
is the owner of cnn amroman or amroscandinavian,0.009929741254713034,0.0036149735765507347,0.013626365035538412,0.007436475911783626,0.03412428702886006,0.001926981642001303
theres no comparison but the nazis sure sound like democrats,0.268182291175451,0.006247299759934703,0.3546522697447902,0.05018147552650712,0.3406199067144109,0.02116286582835153
maybe the should read this…the storm troopers are on their way,0.022603532213278824,0.03729680784283196,0.029529267455213067,0.026297379903747937,0.11115775921411108,0.006820215730066997
one of my previous interactions with the now skull nazi biome rest in piss fuckface you will not be missed,0.6884260738864975,0.12777825775897908,0.6277443386314621,0.820845772789357,0.8010344869428296,0.6759630759101826
thanks for confronting the trash,0.4368604584334904,0.003991018790945889,0.013345046724858605,0.23386339902243128,0.3817522021957518,0.016058179845494843
i’m boycotting the grammys tonight so i can continue fighting bigotry racism and the patriarchy,0.08624710040560825,0.015563046028758645,0.1987300306505365,0.03001268128959406,0.25671915141967033,0.008841020323558785
and demonic activity,0.07159815391209094,0.008467764725332207,0.015903132683325456,0.0922226718901016,0.11242534651151428,0.013344527443875107
i thought you were a satire page,0.039320921800552154,0.002110785802814482,0.008515745045154859,0.013081683292333769,0.08634495125307186,0.0025332230200488396
but you missed an excellent opportunity to worship satan,0.26564968578202874,0.031087161017426243,0.07050265394273934,0.22813340083023337,0.3473447381783989,0.02868647856940095
i boycott for the same,0.03144328589850868,0.03395315366876189,0.02061497328837037,0.023908967481176522,0.1525186098697001,0.005030360103241579
unfortunately i’m cleaning out parrot crap so gunna miss it moral of this is same shit different place rollingonthefloorlaughing,0.4017164944302621,0.007214276527654981,0.05492953418596029,0.7400449674259114,0.6017388011530587,0.07118429988225923
the grammys are on,0.006079219313404307,0.0013945068129527626,0.003194137145489424,0.005373803474963041,0.010822006030782214,0.0009526650550793017
i will be watching mafs,0.01642719951474072,0.006641253667741076,0.006734061481515286,0.05708133139971283,0.051419790701893814,0.010804087751061384
lolz,0.009260084522671748,0.0006200292033288618,0.0017172150639650806,0.022582074280427012,0.017500186029846276,0.00300955550974979
i agree i am not commenting on any of the hideous photos being shared don’t give them the attention show them how insignificant they truly are,0.37155562075927484,0.004241716983773786,0.01039120129453611,0.04062783537053978,0.3248549867200858,0.007051164848088173
fuck keffals and fuck anyone that didnt believe the black voices that said time and time again she was racist scum fuck the people that fought tooth and nail and begged for evidence only to refute and claim otherwise fuck the people that showed how they could excuse racism,0.8199727330485059,0.4739729294475493,0.7606473347243414,0.9518914823210542,0.9680287916445317,0.7997366004875314
this part they just like the white women that voted for trump idc idccccccccccc,0.17916662608371312,0.005853345852128331,0.4962399566033642,0.11288848272598637,0.3793402341627421,0.026243745213978976
yo what a fuckingg dumb ass the choices he makes to try to help from the way he tried to end racism climate change and when he tried to stop spilling chemicals everything this dude does is so fuckingg dumb and he’s the head of the hospital manfacepalminglightskintone newamsterdam,0.8589401663829842,0.02439984851959273,0.25895346721600304,0.9374024330031581,0.9418738570806365,0.6938479315415165
ok okhandlightskintone u win that last reply confused tf outa me stonerproblems seenoevilmonkeysignofthehornslightskintonevictoryhandlightskintone and my name truly is kristin meltingface,0.04770524839702591,0.0069635783348270825,0.013063727146904989,0.261931362224111,0.18609739143855591,0.016635553018934796
and btw its kristin meltingface,0.004237665916118019,0.0008483439500472072,0.0027252729564167305,0.0077259738348240126,0.011078908527426958,0.0017970727536547155
well i didn’t specify what is “bullshit” of your opinion but obvi its the opposite of your opinion,0.5021785349470882,0.0038656703861475045,0.02316191357370128,0.7422546410421155,0.6654386277930953,0.0934250105731642
whose karen and at least we can agree that your tweet and my tweet are both opinions womanshruggingmediumlightskintonemeltingface,0.005325856660096366,0.0023793910291762446,0.0036630013345621175,0.005808050359523625,0.01786157899649965,0.0009310135989140046
season 4 episode five in these characters with aspirations to do good and sometimes do are overall bad people,0.03577370585481253,0.004456601247857062,0.019596197934602294,0.032931848026232904,0.10978453708640779,0.0031538986517549725
i call bullshit on this tweet teamnewamsterdamnmindset meltingface,0.0854316297529026,0.003632879503499699,0.007249812013458821,0.757050843721862,0.3429618842613489,0.3029265776219182
my mum a 68 year old immigrant filipino woman encounters newtown for the first time live reactions 1 “all of the clothes here look so old how come they call it newtown then”,0.02132566921222865,0.009757068926600748,0.08318089198490589,0.03585101794097788,0.10045386588518411,0.004741673819231212
maybe shes calling herself old facewithtearsofjoy,0.04512545348003216,0.0023077626183945557,0.012782408836225183,0.015904287512293194,0.1022278798886201,0.003298241793760156
haahhahaha this deserves to be on the newtown affirmations ig page,0.010934224425323307,0.007787300770800009,0.009828564673176497,0.03133957554971227,0.05192556012908122,0.004452987383866039
4 is unrelated to newtown but is a goldie “i don’t really believe in iq but anyway did you know i had the highest iq of my school batch”,0.04770524839702591,0.0033463680735427454,0.014282774849549231,0.02152055823671122,0.1114746575717718,0.003529191063136138
this thread is gold,0.0036307906901534995,0.002057065255505334,0.0033113531293939066,0.011127572841495504,0.014547088398856262,0.0023311425606996608
lol why mom,0.01193870759593358,0.00039619197577110167,0.0019633685541280673,0.04062783537053978,0.030992213288255323,0.005549995656627927
okay i really wasn’t expecting the love for this but tbh this happens every time i tell stories about my mum 3 i thought was a bit too spicy leaving after talking to literally anyone i think he’s gay do you think yes mum that’s why i live here,0.268182291175451,0.00968543968588038,0.5806891315257872,0.29832437438109893,0.4066865505218257,0.0341269285374275
ever noticed how the ucp only care about free speech when it’s about someone trying to deplatform racism and hate they are perfectly happy to defund social organizations that are pro vaccine or who criticize them for cutting supports poor kids or survivors of violence ableg,0.06419025780410902,0.00603241618746699,0.0516624009286191,0.004613871691824202,0.153083655013352,0.004164300948500867
your rant doesnt make any sense freedom of speech has nothing to do with defunding organizations you like everything you dont approve of isnt hate and racism you lefties really need to learn how to defend your positions instead of spouting nonsense,0.5587418396697197,0.002558460672899339,0.11549017710428611,0.049650718034333574,0.476688761303244,0.0115546721197593
the twitter files disagree with you,0.007962627048075106,0.0015914834902097247,0.004061535882601169,0.0026597612409859396,0.021114121829619654,0.0004402467041996537
you mean like defund the cbc your propaganda arm for the next election you have plenty of your own “deplatforming” with much to come should you get into office let’s hope not,0.025132890676709534,0.0018153207177674848,0.002209522171018434,0.0004885278775517386,0.053695751079823946,0.0007144987345514245
defund is different from promoting you guys really need to stop tweeting dumb things like this it’s really turning off the middle voters with a brain and does nothing but pander to your silly base of lefties,0.7288477089192342,0.0041342745059243634,0.17161203130120123,0.2013757919651064,0.6125734755947068,0.03083608004748929
dumbing down ones political rhetoric to cater to the lowest common denominator of ones base of support is happening from all sides of the political spectrum both federally and provincially and quite frankly i find it distasteful and discouraging,0.08651892615931202,0.0016452040375188708,0.004225638336103874,0.009173463450025947,0.1559089318419417,0.0017104667776387226
what color is the sky in your world how about the ndp under the offices of helping low income wage earners raise the minimum wage these workers took home less money every two weeks because it was a cash grab,0.015859261015052275,0.0008528200859766657,0.003264466786523066,0.0017550804963269058,0.03629264789540012,0.0007650188493887194
ever notice how the ndp put alberta into its highest level of debt killed jobs went full climatard and then was voted out and never able to return,0.11667025068408937,0.015563046028758645,0.024562731427633874,0.03930094216979027,0.20430550787759644,0.007974961471527684
thank you for responding but with all due respect it is using dogwhistle terms in your original tweet like racism and hate that make undecided voters like me my wife and many of our friends really get a sour taste toward the ndp give people enough credit to see past that,0.06496045647229182,0.0020212506351451522,0.02825579667891071,0.005554740471389812,0.14038725613074232,0.0030384241684217866
the rules as it pertain to black commentary on political issues if you’re on the left you can talk about racism and white supremacy but you better not talk about selfaccountability with blacks if you’re on the right you can talk about black accountability issues but,0.17956918812981817,0.005853345852128331,0.5826756846007666,0.11354420017230143,0.3793402341627421,0.02487581713824531
i get what you’re saying but the problem is identifying as a community based on an arbitrary thing like the color of your skin rather than shared values and goals i guess in a broken society such as ours though there is little choice,0.017705062515790897,0.0022003209704838118,0.08490974493115369,0.011634194736500535,0.09601881809901158,0.0026486975033820255
the sooner everyone realizes right and left are the same sides of the coin on race issues the better,0.01316155451828336,0.004187996436464636,0.07338407087314841,0.014384425005384213,0.08310908469846469,0.0039044833231624988
in general trans is mostly a white thing youre right and it seems blacks are less cool with homosexuality than whites seems like cultural phenomenon whites also more especially white liberal women mental health issues which trans,0.5133619178540669,0.01047334750149313,0.8215660737369674,0.269675527538309,0.5772389621875001,0.18510700294491006
welcome to the center my friend,0.00549327070543157,0.0056742769000208,0.007390471168798725,0.009752459296106724,0.021475515818479635,0.001941415895659899
youre wrong,0.016853155316958707,0.00115276269018425,0.002162635954874973,0.014891044781651836,0.039281351026767664,0.0017104667776387226
what racial discrimination on the right are you referring to,0.019053916314875827,0.002952414165736373,0.09452420914384999,0.010041956159778407,0.10843695190029465,0.0039333519818344955
i don’t find this to be true at all,0.004091178488774599,0.002665902735779423,0.003850546959500243,0.0051566805623671046,0.01798204297798191,0.0006711958222208303
muslimah always wants to make his partner completely satisfied thats why she wore hijab during sex too because a man doesnt matter mulsim or nonmuslim he gets hornier when he sees a girl in hijab and fucks good,0.47158655091745116,0.0487607701487878,0.6502188693322084,0.722385439452617,0.7652200577578255,0.5345139739899409
and thats why we are proud of you sisters,0.00515844371616211,0.004044739338255035,0.009594132958822292,0.011055198890419761,0.021716442759237547,0.0026920004157126197
bitch that’s a nazi put a buet in his head,0.9543268852522728,0.7123646809194247,0.6965177801023744,0.945499039691275,0.9680287916445317,0.9277047721219789
nigga thought we was finna boo hoo over that shit,0.6190712968183228,0.05290242142631655,0.817780093237407,0.838500141637066,0.7897783056086496,0.5345139739899409
they invaded there country and abducted and raped women and children it could be much worse,0.3639685542522501,0.47497718291093177,0.48223589670391226,0.2987623597778136,0.47809803665781675,0.1970655309277589
imma just say it… judging or disliking keffals doesn’t make you transphobic and you’re stupid and annoying as fuck if you use that argument to defend her ableism and racism being trans isn’t a excuse to be a terrible fuckingg person,0.8199727330485059,0.07034218980260434,0.6502188693322084,0.8638951692885648,0.9277014736405765,0.6938479315415165
one again you shouldnt be transphobic and ableist if you dont want me to show up and call you transphobic and ableist,0.4166236148127459,0.008969161110988003,0.38502154875613626,0.11288848272598637,0.4068356904651273,0.02966356918718326
muting this now thumbsup,0.016498192515577364,0.047805441570394465,0.0061245378836479285,0.019088763606368745,0.10178437511000286,0.005925287916654287
idk if like 6000 or whatever people all tweeted about me once id probably be pretty upset by that thats not really a very normal expirience to have am i justified in harrassing anyone who calls me stupid no that would obv be derranged,0.4368604584334904,0.011189626076385507,0.022907220685714613,0.35828186744493795,0.40247045938990406,0.016058179845494843
i am sorry big dawgfoldedhands,0.00871598970138305,0.0010811348326950129,0.0023384599307316985,0.017062278145086037,0.019909476903764062,0.003067292827093785
i find anybody who would misconstrue criticism that is irrelevant to being transgender as transphobia is being disingenuous,0.17278255374696966,0.004295437531082932,0.46449536869255437,0.08160580163185642,0.3081046391168395,0.012478469197263226
it makes you worse than useless in the fight against facism this is so stupid we have open calls for genocide and youre wasting your energy on this weenie hut junior bs your existence is propaganda for the opposition,0.7343595157620424,0.17833247835817323,0.12492486078557163,0.3754912802498641,0.6779630097486399,0.13328675033535298
no one can judge your personal taste but participating in a harrassment campaign against a trans woman is transphobic people are forcing the idea she represents trans people and trying to hold her accountable as that because she is a trans person existing on the internet,0.10216897452253251,0.008646835060670866,0.4590615774067283,0.05814284002784771,0.2882481736430386,0.012940366979241166
no bitch it’s because she defended your racism it’s also because you stalk girls online and are very creepy towards them there is absolutely nothing to be jealous about in that friendship they’re 2 fucked people,0.8369940476186805,0.043028793145503265,0.5826756846007666,0.9443560867972263,0.9510044620056232,0.7666238168727827
they both disgust me so much,0.472182232605592,0.00821706791573544,0.3581995718954679,0.2713802106873112,0.48976720990352995,0.0341269285374275
first off he’s the one blocking everyone two how the fuck are they still the victims when they’ve openly been nonchalant to their racist comments three their bond is built on bigotry and the fact that both of them lack such common sense,0.4674421994343208,0.01126125531710587,0.3514075799065778,0.5204490009667406,0.5647517885522858,0.2289549136562216
president dumb fuck fucked up again,0.9177667178834555,0.01047334750149313,0.2814811220347549,0.9680711887463204,0.9740487298795827,0.6938479315415165
he isnt president he lost to biden in 2020 quit calling him president when truly he never was,0.017350100815810503,0.0006782272697985949,0.0015062261408641542,0.00043424794392928415,0.037764046834031846,0.00012269170097536702
lying joe,0.11828150554897515,0.0005528781733846466,0.0013655669855242509,0.04593541241101265,0.15929925381418336,0.006040762551342278
what did trump do now,0.005995512841437179,0.0020749721507160885,0.0032410233616328842,0.004107250856187876,0.023162017692470862,0.0007794532544021205
trump isnt president you stupid piece of groomed maga shit,0.9543268852522728,0.010544975358982366,0.30542482860587794,0.8897463505100409,0.9418738570806365,0.6770768656469142
he didnt fuck up he wanted to do that fucking retard hes giving america away,0.897238917174559,0.09172368137890657,0.4737483050334801,0.9443560867972263,0.9458616894782249,0.7666238168727827
maybe we should replace biden with his press sec gary coleman,0.010515689862685772,0.0030956698807148506,0.002115749485276752,0.001845549524224643,0.027619205451446454,0.0005268526802156468
what is it like for you to have an italian mother and a libyan terrorist for a father,0.4079635524892067,0.04446178324663102,0.5637764754745792,0.11949001295674665,0.43833942329715025,0.0341269285374275
yes trump is a fuckknuckle among fuckknuckles,0.8778502954650782,0.013891217558492482,0.2216139541547583,0.8897463505100409,0.8687189566958546,0.6341966267438892
peoplethings supertanskiii has blamed for her nazi pics her trusted friendscheckmarkbutton ex friend jimcheckmarkbutton the drugsboozecheckmarkbutton the corbynitescheckmarkbutton dark humourcheckmarkbutton societycheckmarkbutton twitter trollscheckmarkbutton herselfcrossmark,0.2926161442585989,0.016040708934724188,0.2967642667334759,0.12042368756344778,0.3561103949021687,0.027123128737595512
straight out of the liz truss playbookirelandpalestinianterritoriesraisedfist,0.00737667844010237,0.001331832333907346,0.003287909831231105,0.004288186793245944,0.017116110298683908,0.0016960325239801265
she blames the incel left,0.19716058783012683,0.0038477630759674118,0.35312302509594345,0.1883488621442055,0.28585002584329444,0.024582688288007765
sounds like trussonomics,0.008213748666778386,0.0007767160925579684,0.010578747679838522,0.007364101960707879,0.018945760963079587,0.004886016961236395
and yet she seemed so proud of her antics years later,0.048350195749523164,0.0031493912579626734,0.011469589208203545,0.031074196273941142,0.11084086494527678,0.0047128053119140185
just for the record the targets of kffls racism and ableismsanism are clear but by advising that her trolling fans use pcrw pfps shes also making sure that plural people are collateral damage so many of us use pcrws to represent ourselves and our headmates fuck her,0.6884260738864975,0.17506784541197032,0.48321663990344693,0.825059771992307,0.8514803316648026,0.6481187865563074
shes in way too deep and i dont think she knows the kind of power she wields over poc trans folks it is super fucked up that everything has escalated and shes straight up just doing an op on her own community,0.38657345396494464,0.011980556252012428,0.5196212977497224,0.5757547636794037,0.4922247990172083,0.13727292128447574
who gives a shit lol he’s a nazi slap him again,0.7290597286015195,0.8170458836300377,0.6969403905716609,0.7944230409650472,0.8854187152943443,0.6938479315415165
hit him harder imo,0.07892607729731588,0.8142614393698395,0.016412520993846397,0.22006992060147038,0.47809803665781675,0.35071741721465344
the mayor of london wants to ban hatred by hatred he just means any idea that doesnt fit within his lefty identity politics soon the word hate will be like the word racism meaningless these words used to mean something but now theyre just political tools,0.06322751222238288,0.0030777634004734346,0.07338407087314841,0.007074604037667492,0.1559089318419417,0.003991089147823686
ban hatred towards mans best friend what kind of sicko hates dogs,0.5216899408341333,0.08554609508458028,0.24143197480951345,0.33720469950406595,0.39102508805773734,0.0806845730744654
as were seeing in canada even mild criticism of anything is being called hatred by the spectacularly uninformed lets face it hatred is a natural human emotion and to try and legislate it out of existence is folly in the extreme,0.08515980289779787,0.0030956698807148506,0.039900722469464654,0.007074604037667492,0.16426800588957582,0.0031827671590721664
except when it serves them,0.008046333520042234,0.003417995931031984,0.002443954265554781,0.007364101960707879,0.02472805660718643,0.0019125472369879019
soon anyone who is unhappy will be on the wrong side of the law rollingonthefloorlaughing,0.02160963901277334,0.006641253667741076,0.011375816015552341,0.009390586362621887,0.07582840283921409,0.002518788766390243
it is already meaningless along with fascist,0.2948807567736127,0.0030419493334057027,0.08718612352588186,0.06859157364170873,0.30759278960478054,0.01513438276799092
to be honest why should hatred be banned yes it is not nice to hate anyone but everyone has the right to hate just as everyone has the right the love,0.01479437701651204,0.006354740854552995,0.021379055754151787,0.019812508413969712,0.09557531332039435,0.0035003224044641403
hey maga nazi greene are you really this stupid or are you just looking for attention or both,0.8760749472787122,0.009327300398434192,0.15114606622146856,0.444759797908597,0.7995640938554948,0.1532176126487071
both,0.010934224425323307,0.000919971807536446,0.0015062261408641542,0.03319722836137273,0.027739669432928712,0.004048826465167682
are you talking to ‘marjorie trailer queen’ in that tone you should be ashamed keep up your good work,0.268182291175451,0.007858927245058121,0.0064996296404337016,0.02205131466951606,0.3081046391168395,0.00820591028683925
both that’s not your call to make our president handled it in the safest way possible just stop talking,0.08101976339937474,0.002092879322573068,0.0016586069452854586,0.006061361307026138,0.15760408771702955,0.0014073460886149544
the former,0.010850519054757125,0.002594274878290184,0.0031003643330203617,0.011344696813460151,0.029305707325437687,0.001681598118966725
yeah it is a good thing bullets fired in the air dont fall back to earth oh wait,0.025011537218975192,0.20167223514021768,0.010531861083512917,0.026031997449870708,0.20311639538106552,0.013979637934659058
if anybody wants to know what absolute hate racism antigay antitrans antilabor divisive fwit looks like this is it nutjack rantville this sht is out there these people are nothing but putrid souls exarmy which is comforting grimacingface block these vile individuals,0.7120749695287736,0.13201997197629062,0.6502188693322084,0.6251527661314461,0.7494272724115169,0.5306388066545757
remind me never to hire ermington plumbing,0.006999997113448398,0.0018242740962113035,0.0032175803169248443,0.0009951497725567693,0.022077836748097525,0.0005124182752022455
youd imagine that ermington plumbing might want to unfollow or maybe theyre sympathetic,0.014581401318204939,0.003453810551392168,0.005749446760499059,0.005482365460945365,0.04509768819515023,0.0011186596532497825
wtf is wrong with you i know you’ve been going through some tough times but please put things into perspective,0.22383243256740107,0.004635670891580158,0.015139051484817851,0.4815101775039744,0.4172618604822269,0.0341269285374275
i see that australian news account follows that account youre baggin ive long suspected it is a rwnj account purposefully espousing anti abc sentiments in a targeted way its not a satire account,0.019195901215148175,0.0025047397106208544,0.010766294065140932,0.005120493586829231,0.058840131538208,0.0018692443246573073
how you hanging on,0.049640090454517664,0.21042129651415517,0.006640288288864082,0.061858141413693835,0.23247058105906704,0.016404603749558815
look at bossi the king cooker,0.019763840816237565,0.0012960181285165007,0.0028190457688857928,0.011417070764535894,0.03725827740684444,0.0025909601860380303
sunday thoughts fuck trumpfuck republicansfuck magatsfuck their civil war stop fucking talking about the fucking election his fat fucking ass lost,0.8837782556416766,0.18019798685094954,0.5196212977497224,0.9874239163118725,0.9821157083905586,0.8524716566720978
thats general mao right,0.007334824102717858,0.003507531098701314,0.009172154859165678,0.008739216565465367,0.029305707325437687,0.0017970727536547155
normally the first words babies say is mama you must have have said fuck you mama i bet your mother regrets not getting an abortion,0.5935675318413121,0.4739729294475493,0.14820458431441091,0.8152561621377274,0.7753361005137993,0.6938479315415165
yet they live in your head rent free,0.17860301719114707,0.014846547520116951,0.008468858829011399,0.0464661709625549,0.2801013199081451,0.01288262966189717
great sunday sermon,0.0012451413701775648,0.0018421811297451695,0.004014649286275567,0.0014474896152019343,0.007353825648249608,0.0006062413931830174
i agree amp here are my thoughts sunday thoughts fuck that fucker trump fuck the fucked up republicans fuck the fucked magats fuck their fucked up fucking civil fucking war stop fucking talking abt the fucking fucked up election his fat fucking fucked up piece of sht ass lost,0.938540351283708,0.19073591188087366,0.5153259745614981,0.9874239163118725,0.9784606246862091,1.0
fuck people that dont pay attention to anything fuck people that think a child groping senile racist got 80 million votes more than hillary or obama while sitting in basement,0.7343595157620424,0.13838253638610226,0.48317893850767724,0.8897463505100409,0.9086638263215588,0.6938479315415165
ha ha what a loser facewithtearsofjoythumbsdownlightskintone overit,0.7288477089192342,0.006104042661725099,0.019214156701711584,0.301376712238699,0.612364884115405,0.0341269285374275
but hes running again,0.005702537986750337,0.005137065894004823,0.005655673694575234,0.007074604037667492,0.02448712762201531,0.0017682040949827183
he should have never been nominated the fact that hes still given platform is insane fuck this man may he rot in hell,0.7553968135349819,0.6366723647489743,0.1607648264923719,0.8460117543335036,0.9152191043763936,0.6912929564900346
no she did like 3 songs with him after the incident,0.018202008014642692,0.006712880141999186,0.01109449897214634,0.04062783537053978,0.12441980634226817,0.007339850980743736
rihanna got over it you should as well,0.019905823513708017,0.007894741865418305,0.008281313330800653,0.02868579020758195,0.09335778942730809,0.003817877347146505
olivia jessie ellie amp lana are all fucking bitches filled to the brim with nasty comments what the fuck is their issue with tanyel at this point aghhhhh im so angry at olivia loveisland loveislandaftersun talkswithash,0.8499813270245699,0.06139872082658349,0.36540484721842215,0.9159841589334932,0.9378861269037085,0.7997366004875314
meh like u guys say when u argue in favour of someone its all just editing and camera shots,0.03180734847451361,0.20385949702562423,0.017940685925409226,0.05708133139971283,0.21493054818920826,0.013344527443875107
why u bringing lana into this ðÿ˜‚ lana literally said to tanyel in todays ep she was being weird in the bed plus tanyel just said on aftersun theyre best friends,0.057379465292890376,0.005065439419746713,0.016794563494010914,0.08777043761566644,0.21219520509750459,0.01109277358100734
fuck michael vick why the fuck is he at the pro bowl i cant watch this anymore piece of fucking trash,0.9574187379905112,0.0627402420029253,0.3630722396848603,0.9999999999999999,1.0,0.9125472998001458
wow i hope you have that same energy when it comes to tyre nichols,0.005325856660096366,0.005459391944321958,0.0036630013345621175,0.005192867537904974,0.023884805670190818,0.001551689230620138
use your remote karen,0.01110163847065851,0.0007319485087233044,0.0008263730286905341,0.005627114422465558,0.020752727840759676,0.0016960325239801265
admitted to funding the operation and participating in the killing of dogs who did not perform well in fights,0.05866936109928584,0.38486334049930043,0.02851049083417118,0.047527684887533284,0.2709909035635574,0.01989264484678363
fuck off drazah you garbage fuck take your cheating side piece with you too,0.9300557090889875,0.17809930708696528,0.46449536869255437,0.9644932451065511,0.9861624914429119,0.9278742895032284
and i know hell see this cause hes definitely the type of person who searches his own name such an ego rollingonthefloorlaughingrollingonthefloorlaughing,0.14349599417567901,0.0021645070417391915,0.005327468787569824,0.01633853439685377,0.2026407422048003,0.0028507779627312043
one is the greatest friend you could ever ask for the other a dumb fuck idiot who fell asleep on a boat in the middle of the gawd damn ocean and got the worst sunburn hes ever felt who is who,0.8782894240226214,0.05156090301643701,0.10395889789423077,0.9099389349899252,0.8854187152943443,0.5345139739899409
is that skrillex,0.010180861772015364,0.0035970655747550803,0.007109152604664156,0.014022552071899376,0.030751284303084204,0.002562091678720837
definitely shoulda had the speedo on though,0.015007353816220089,0.008324509010353733,0.006734061481515286,0.0533660194201797,0.07744632998327806,0.005203571752563955
worst sunburn hes felt so far,0.03374900930526784,0.0075366025779721145,0.007249812013458821,0.010403828033894537,0.11073523011497668,0.003586928380480133
so how was your nap haha,0.02373940921265571,0.003722414671169027,0.00785933523114404,0.026031997449870708,0.07340150547877522,0.003298241793760156
dude your fucking legs shit looks like it hurts facewithtearsofjoy,0.5672495011442314,0.12141568504978065,0.09976570430214354,0.9274210610801559,0.9086638263215588,0.6938479315415165
your grin reminds me of a proud golden retriever after they just did something bad but had fun doin it facewithtearsofjoy i hope your sunburn heals fast,0.08787805492783093,0.008109625437886018,0.014884357329557379,0.02735889170998892,0.20192727266246854,0.008321384921527241
straight lobster legs facewithtearsofjoy hope it aint too bad,0.07334289967314632,0.03968513620497094,0.06211722988665851,0.2257956283504197,0.28699977316356395,0.026732291279644153
shut the fuck up salah you both are using eachother and making a mockery of marriage you deserve one another,0.6882285926967119,0.10020710566383625,0.35263290695093763,0.8492427229418632,0.8612501734886491,0.5345139739899409
if he wants privacy then why is he in her chat,0.015717278317581823,0.004886369084408053,0.008328199546944115,0.053896780090459354,0.0969058276562461,0.005347915197278749
hell find out soon enough if he ever dares leave chantal hell never be able to get rid of her anymore love that for them,0.01578826801421563,0.04064046478336428,0.004975820962583756,0.00982483324718247,0.08634495125307186,0.0035003224044641403
never happened in my house happily married almost 5 years,0.0022914783274718747,0.0024152045429515247,0.003123807504455782,0.002008391443829421,0.011656938250446858,0.0006278929098902364
so translation is she paid him another couple grand to keep the grift up and not expose her,0.056734522345996914,0.007464973337251749,0.0070622662617933155,0.048589203049986485,0.1457097428009224,0.004452987383866039
dont forget mocking religion as well these 2 are disgusting and i bet chantal offered him more money to carry on this bs because shes desperate for money and this is the only content she has,0.5587418396697197,0.009613811828391144,0.46754042488788955,0.27326547382548727,0.5052637597764404,0.0341269285374275
fascinating how his grasp of english fluctuates so wildly from day to day grinningfacewithsmilingeyes,0.06476790955874849,0.0016452040375188708,0.011375816015552341,0.00823259467046034,0.11348166414831727,0.002258970989697069
reader wanted magi to swallow a shame guess theyll just have to fuck her pretty mouth again,0.4368604584334904,0.19948495942249989,0.07799433568071006,0.8022313298668592,0.7958736724688975,0.5345139739899409
ugh no i told you to fuckin swallow you dumb bitch madi let out a growl grabbing magi by the hair and getting her semihard meat right back down that throat,0.7190635898312807,0.47480639536358626,0.21767709203569066,0.9159841589334932,0.8854187152943443,0.7310887358283408
awww pretty dummy madi wrapped her hand into the other ghosts hair tugging her in nice and close to her crotch i guess i better make sure it goes down your throat this time,0.36845660891488125,0.4739729294475493,0.03156681816274922,0.444759797908597,0.5772389621875001,0.12930057938623019
this time wade will be sure to cum down her throat so shes forced to chug down his seed,0.3992176800178918,0.3639338916220152,0.08613782702877078,0.5932383305110709,0.6779630097486399,0.5281335365209531
hell keep fucking that stud baiting face of hers until she remembers to properly swallow a mans jizz his semen is too precious to be wasted on anything other than a womans hole,0.4689658444622835,0.21479582028496824,0.3546522697447902,0.7803532474051904,0.7958736724688975,0.6938479315415165
vr was probably best during the fuck around phase rather than this find out one,0.268182291175451,0.0069635783348270825,0.012594862450922773,0.8492427229418632,0.6943083999842483,0.1253144084371074
or more like even billions of dollars from a megacorp cant change human nature and some basic facts about usability ergonomics economics and laws of physics,0.0076277989574047,0.0009557857362810646,0.0025846136743494456,0.000958962797018896,0.019668546896386342,0.00014434321768258594
yeah i didnt mean virtuality machines either consumer vr was never really a thing until now except for a few obscure flops virtual boy anyone but vr systems that people could see amp try were around even with a good quality did countless public demos myself over the years,0.01316155451828336,0.0061398572820852825,0.015266398562448083,0.02682813739592148,0.04585633926931154,0.0025909601860380303
the tech and the communities have become so sharded…thread,0.01947987101569287,0.003794042528658264,0.011844680711534557,0.015035794802540733,0.05318998165263654,0.0025332230200488396
since i got my quest pro ive mostly been replaying classic pcvr games from 20162019 so i agree completely robinson the journey this week looks sumptuous in the pro once ive done this ill probably redo wilsons heart next,0.004195812129433982,0.004062648031666253,0.004202194911213692,0.005192867537904974,0.016088501334311524,0.0010464880822471908
i think im still in the “fuck around” phase bec thats all i do in vr lol,0.22897729667072805,0.008467764725332207,0.021633749909412255,0.820845772789357,0.6929036836711226,0.25590144198609516
double the products at half the build quality,0.0017683100140348613,0.0017616001704583387,0.0018227093987881633,0.0007237448076009671,0.0084456608756623,0.0003247721754600266
niki is a fucking minor if this is a real inspection then why the fuck are you giggling like youre enjoying what youre doing even if it makes them uncomfortable tangina talaga ng ibang staff sa naia amputa napakaunprofessional ngayon lang kayo nakakita ng lalaki,0.584262511151266,0.05290242142631655,0.21228903666157312,0.8565688931467789,0.7958736724688975,0.6938479315415165
lol pqrt idc that woman needs to be fired and she must be held accountable for what she did kadiri amputa,0.268182291175451,0.3257811956865652,0.35214276346045553,0.12415842836500045,0.38233108801680127,0.0341269285374275
youre a grown ass woman tangina youre so fucking disgusting,0.8507694895421972,0.0752610966328309,0.5637764754745792,0.8713952878345712,0.9564360078982216,0.9264109155741109
who is this woman i cant pass a second without seeing her on my tl and i dont even follow nor care about any celebrities facewithtearsofjoy but ever time i see this one its always a random photo or a video without elaborating who the fuck she is facewithtearsofjoy,0.4674421994343208,0.026549342662286687,0.22358239788703016,0.6996933062982298,0.6373816631819027,0.2705273713693474
i was thinking the same thing an hour ago no one says her name lmao,0.015717278317581823,0.007106834049805558,0.010672519605215917,0.05071223407804937,0.07744632998327806,0.005319046387251947
queen ice spice,0.002103137994565174,0.0003648551512177318,0.0004805857747904041,0.008883964467616856,0.0067115711954993,0.0019702845543318973
ice spice,0.00300298774479625,0.001134855380004159,0.0016468854229314386,0.0033835060485869085,0.005105930974797118,0.0005773727950529415
never really seen her before but her rapping skills sound fire,0.08624710040560825,0.022250358526592157,0.0444747064951947,0.14283205821695452,0.25671915141967033,0.01455701110809901
its okay smilingface,0.0007533630938683193,0.0007990995386675196,0.0010959699437437021,0.002587387289910195,0.0016377516144711148,0.0005124182752022455
shes an anime fan too i think,0.00896711021868538,0.003740320598117991,0.01071940620154152,0.015180543764060927,0.025932701533042023,0.0022156679260116703
olivia loves juicys personality even more than yvonne i fuck with all three of them bbtitans,0.38657345396494464,0.062293066894246914,0.12890838899532236,0.7400449674259114,0.7378389659301258,0.5277816366000555
god bless you brofoldedhandsmediumskintoneredheartredheart,0.0,0.0004543900422408348,0.0006915746345276402,0.0010313367480946408,0.00036929687254505907,0.00034642367703176485
twitter humbled me i thought my ass was fat they talm bout sum “lil booties matter “ fuck yall loudlycryingface,0.5234247574656521,0.14262426305249395,0.23244035032767035,0.7500947110050281,0.8612501734886491,0.6798283749122822
be glorilla still think u the thicks in the room its ok,0.13352745651317055,0.009757068926600748,0.03663358667757586,0.15965417641762147,0.26134784602461636,0.018133880069872627
i definitely thought mine was fat they checked my ass unamusedfaceloudlycryingface,0.2161151253984012,0.008360323630713914,0.06329911225035359,0.650598060827919,0.6969450796946808,0.06439838743215874
lmaooo,0.006455900640058279,0.0007990995386675196,0.0012952372177632279,0.0644818099629565,0.024125734655361938,0.00739758829808773
its wide but i wouldnt call it fatloudlycryingface,0.05608957168929682,0.003525438408881405,0.03513253506912201,0.08948283720630391,0.17755412598322126,0.007686274884807708
nah ts fat,0.1796497005390392,0.0014750877722395968,0.010109884251130113,0.14469942861773083,0.2190335832708958,0.01881784410773946
lmao loudlycryingfacefacewithtearsofjoy,0.005284003424112802,0.0005439252099101646,0.001060805123226881,0.0644818099629565,0.021355050814790773,0.007108902165432168
because lil booties do matterfacewithpeekingeye,0.06765614630392688,0.0030240420232256118,0.011375816015552341,0.3731377761448056,0.26134784602461636,0.03562774159103232
is yo booty hole hairy cause i kno yu aint fuckin with a hairy ass booty loudlycryingfaceloudlycryingfaceloudlycryingfacewomanfacepalmingmediumdarkskintone,0.49531568361871164,0.08286304996543442,0.1689002300989939,0.722385439452617,0.756025963580759,0.6831039653243599
dont pay attention to the negative people they just jealous that they dont look as good as you do,0.06438280471765234,0.0027554374884794126,0.019596197934602294,0.020989801803906378,0.15647397698559365,0.003962220489151689
nah its fat,0.06380516397702234,0.0011706695853950042,0.006452742790653338,0.07920844495932258,0.11337602931801716,0.010284452349029841
fuck liz truss bollocks she needs to be ignored into oblivion we need to keep the pressure on sunak hunt johnson braverman and bully boy raab,0.6952525569556061,0.18364917617935456,0.22653504447633088,0.8141271929105631,0.8514803316648026,0.6938479315415165
most of the presents day tory mps are turn coats without a spine or moral compass,0.37413366995576763,0.004295437531082932,0.013626365035538412,0.012357939544101505,0.32760519269578947,0.005838682243347904
holy fuck taylor is here,0.17836147996348403,0.005208694443109625,0.018450074235930168,0.8492427229418632,0.48477028581417325,0.25590144198609516
actual pic lol,0.0027727938454857022,0.00031113391229302054,0.0007970692228054844,0.03213571337702564,0.01403328442777337,0.006185105693347462
oh but she is,0.0022914783274718747,0.0003245641182818646,0.000627105754671008,0.013805428099934736,0.010179750555825302,0.003442585087120145
on a more serious note shes here now,0.005367710997480878,0.004062648031666253,0.004506956646783681,0.01662803231989416,0.02810106239958209,0.002489919956363441
not funny not funny at all,0.03168599281397737,0.0030956698807148506,0.004835161553789091,0.03346260657777515,0.1457097428009224,0.007051164848088173
stop doing this to me,0.03229276120405003,0.008288695773224677,0.009594132958822292,0.06859157364170873,0.20002469062360584,0.01357547671325109
yall gotta stop with these loudlycryingface,0.01742109381664715,0.006175671902445466,0.007531130324138629,0.022582074280427012,0.08391805389263299,0.003586928380480133
what an amazing dress,0.0055769782787996455,0.0036149735765507347,0.0051399232893590795,0.017641275050535515,0.026535025529279724,0.0039333519818344955
fuck this horrendous woman supertanskii trying to blame corbyn and his supporters for her nazi cosplaying little wonder she defends the racist baddiel,0.17924712747892466,0.0026300885303885777,0.08490974493115369,0.008956338418692603,0.25749059029842863,0.006358317494024643
baddiel rightfully calls out bigots who masquerade as “human rights activists” sound familiar,0.17820046615905147,0.0030956698807148506,0.10395889789423077,0.011489446834349045,0.23689464012426292,0.005578864315299925
shes a serial liar irelandpalestinianterritoriesraisedfist,0.6884260738864975,0.006497996569531473,0.07338407087314841,0.17641075147661192,0.5294135543130463,0.0302498253741103
she is completely delusional is she more concerned that someone she once thought was a friend now finds her so noxious that he is sharing old screenshots or is it the fact shes been outed as someone who found it funny to pose in a hitler moustache neither looks good grimacingface,0.39793329231763197,0.0100435803565577,0.09347590757764367,0.11949001295674665,0.38233108801680127,0.024680399922817675
yes i queried her support for baddiel politely and she went into orbit no debate no discussion just whooooosh wow,0.016569185516414012,0.0032031118052718195,0.0029128184546274747,0.006857479006334148,0.05091402536353282,0.001551689230620138
lefty grifter,0.515514132402446,0.002862879551359495,0.09976570430214354,0.1798813598793573,0.3893116653506633,0.028881897298376633
souperskanky another smearing shyster,0.4643948983643859,0.003776135218478173,0.018832115468820878,0.321991804738542,0.38233108801680127,0.03456182083837914
sorry which baddiel is that and what did they say,0.011771293550598378,0.003776135218478173,0.006405856574509877,0.011417070764535894,0.03953423676256797,0.0018836785783159042
mania was mid as fuck and im glad there are people willing to admit it,0.33801492205846323,0.005459391944321958,0.0300386544984602,0.838500141637066,0.6599706402351184,0.10936970345094361
im never been so disgusted by a singular opinion,0.05802441374678858,0.0047431119861984505,0.043167854459532036,0.08640052133313632,0.19775312266744655,0.0072821136633997394
did we play the same mania,0.01309056261884766,0.005029624799386531,0.010203656176507508,0.02311283283196926,0.048890953788022794,0.003442585087120145
wrong,0.0029820611268044682,0.00020145378144820897,0.00039267378686204174,0.0062422983034529055,0.008188757867914254,0.0015949922943055371
mania is what mid would be if sonic ever actually peaked in any game before or since and held the needle there,0.019337885014019576,0.008324509010353733,0.011375816015552341,0.031074196273941142,0.1022278798886201,0.0044818560425380375
stop taking so many ls,0.0338703605602003,0.0026479954255993303,0.007015380299104617,0.06859157364170873,0.10444539867067336,0.007917224154183689
only good takes,0.008925256982701815,0.00365078681367979,0.005163366460794501,0.015542414578808356,0.030269426332741965,0.004048826465167682
it was about as good as s3ampk and im pretty sure thats all it was trying to be,0.0208997167142135,0.010186834688305047,0.017431297614888284,0.11157707961441729,0.1114746575717718,0.009995766065019474
those are 2 incredibly conflicting statements,0.01252262411915922,0.003991018790945889,0.008093766945498244,0.013588304127970095,0.04155731038249119,0.001999153213003895
finally someone else agrees lol,0.006162926886772383,0.001134855380004159,0.0032410233616328842,0.01496341873272758,0.020150405888935182,0.0034714537457921427
theres not many of us who havent done or said shit that might be construed as inappropriate in the past this sounds like a drunken fuck about and i dont give a toss what tan does now is far more valuable and meaningful shes got my full support,0.43627103270272816,0.005531019801811195,0.032076207740543976,0.8844706519925895,0.6991370995330353,0.2289549136562216
holy shit you love hitler too what the fuck is going on in that fuckin country of yours,0.6884260738864975,0.06408176456249823,0.6969403905716609,0.9587900701299221,0.9564360078982216,0.7666238168727827
i spent years in the royal navy pre social media times thank god as we all said or did things without malace thatd have us cancelled these things now what that guys put up hes had to dig back a long way to find stuff,0.03168599281397737,0.0024152045429515247,0.006827834547439111,0.016917530242934548,0.09646232287762885,0.0015949922943055371
if supertanksi was brexit youd be a brexiteer evidence does not matter,0.020189792212851762,0.002791251693870258,0.012782408836225183,0.004179625866632326,0.054960172603379265,0.0014650834059589497
vulnerable young woman lmao shes nearly 40,0.05802441374678858,0.007106834049805558,0.042187711947782064,0.10174150860605763,0.16042935432355324,0.01432606183872303
sometimes a quote is just too perfect hubris is interesting because you get people who are often very clever very powerful have achieved great things and then something goes wrong they just dont know when to stop margaret macmillan,0.01472338511707634,0.005889159089257386,0.010484974487187316,0.010476204103707691,0.046867879145892966,0.0021434963550090785
well yes,0.0027309406095021365,0.0002618899158826713,0.0007443218653028719,0.01865451778117687,0.009987073811117566,0.0047128053119140185
999 of people that are pissed do not decide to pay homage to hitler this was supertanskiii and her mates acting out a fantasy she may not support the nazis now but it looks like she did in 2009,0.36687537163140327,0.016040708934724188,0.32011174632370076,0.2713069871225354,0.3769282763517985,0.03376735795502841
not hating defending nazi cosplay,0.3673271662998364,0.008431951488203152,0.3712049693437487,0.23386339902243128,0.3781342552572703,0.3507252119870948
what inbthe fuck i cannot,0.08206660094339943,0.006999392955187266,0.009359699977194281,0.8789285116525574,0.5568429045144492,0.25590144198609516
awwww omggggg,0.0014962624381803695,0.0004722973524209275,0.000767765163465673,0.02152055823671122,0.008638337620370033,0.004193169607172866
deserved,0.0057862455601184115,0.005889159089257386,0.0025846136743494456,0.006929855076147299,0.022077836748097525,0.004510724701210035
deserved,0.0057862455601184115,0.005889159089257386,0.0025846136743494456,0.006929855076147299,0.022077836748097525,0.004510724701210035
deserved,0.0057862455601184115,0.005889159089257386,0.0025846136743494456,0.006929855076147299,0.022077836748097525,0.004510724701210035
ally ohmy,0.00478176238950814,0.002558460672899339,0.0035223420524948335,0.013733055208227693,0.01846390197053075,0.002980686851077792
oh myofd oj mygod,0.004907322097458832,0.0008438671225021854,0.0020923063138413318,0.036381773314414,0.01822297298535963,0.005549995656627927
oh my fod,0.032171408847716645,0.002683810045959514,0.006921607106453412,0.29950932065054864,0.17223967385693667,0.024680399922817675
ally,0.003212255026115018,0.0021645070417391915,0.00277215917256019,0.010982823879975314,0.012106516980696038,0.002374445473030255
ally these pics oh myy,0.013871477918244151,0.009613811828391144,0.01175090878615716,0.07304380367866906,0.11062959528467657,0.01109277358100734
oh my goddd,0.005618830413382262,0.002540553639365473,0.004295967850410136,0.03425874546445723,0.027980597395893234,0.004366381407850046
heidi doesnt like digimon im about to misgender this bitch,0.7424152063439693,0.603731932684559,0.46449536869255437,0.7988342522458136,0.9194089247986317,0.6770768656469142
i have nowhere near the same emotional attachment to digimon as pokemon when i was growing up but i cant pretend some of those designs dont go crazy,0.05221988206730857,0.005531019801811195,0.013251272264933592,0.10502003227551085,0.15986429895783527,0.005059228761913576
one of the digimon is a big rabbit with gattling guns for hands what the fuck is wrong with her,0.511506574916925,0.07660261780917269,0.09347590757764367,0.7662834008768985,0.7810252526922884,0.4388967566963299
“damian wayne is little son of a bitch”,0.8837782556416766,0.009398928255923429,0.2900282375559199,0.8843782750416569,0.8854187152943443,0.5333601206364087
he is,0.007544092485437572,0.0025763675681100915,0.0034754554561692314,0.016193785435333577,0.023162017692470862,0.0030961614857657827
maybe he is but he’s my son of a bitch and i’ll defend his stupid ass forever,0.8199727330485059,0.029415333930391217,0.1689002300989939,0.8844706519925895,0.9194089247986317,0.6341966267438892
literally if i see damian slander thats how i feel to a lot of times people just hate him without seeing him grow as a character and even then the writers also apart of the problem ughh,0.04770524839702591,0.006533811189891655,0.024562731427633874,0.049650718034333574,0.15929925381418336,0.004597330677226028
targeted comment are u ready to die james,0.268182291175451,0.7497889396783693,0.047741839752535875,0.21663448323967635,0.5647517885522858,0.20902404377512723
i just want to snuggle up with someome and cuddle fuck all day yellowheart,0.1255526197747581,0.010831486788939314,0.01985089208986276,0.7662834008768985,0.6654386277930953,0.20105170187688162
im avaible,0.0025844531821587165,0.0025226464675084954,0.003053477863422139,0.007074604037667492,0.010243975796659012,0.002114627696337081
so sexy 1010,0.03289953399972649,0.002540553639365473,0.009453473169845485,0.19616502215548345,0.18221214769559235,0.011381460167727314
ill cuddle that,0.010515689862685772,0.010974742503917792,0.007671789859660675,0.036912529747218856,0.06450289034222104,0.005867550599310292
dms open darlin,0.0035052298808018597,0.0010184602153264811,0.0012952372177632279,0.01525291771513667,0.012106516980696038,0.002619828844710028
beautiful,0.00020926728131876685,0.0004946807985304769,0.0006388275304797892,0.0024426383283900014,0.0011560599571431014,0.0006134585502832765
that sounds like a perfect way to spend the day droolingfacefacesavoringfood,0.009469352354690989,0.00603241618746699,0.007484244234722549,0.05655056649195837,0.051419790701893814,0.006502660636029826
damn loving ur nice tits,0.2212600005157376,0.003632879503499699,0.025072118470881005,0.6422488158914264,0.46855828331812216,0.350730418592376
you are my perfect woman,0.0034215223074337857,0.003453810551392168,0.007249812013458821,0.0077259738348240126,0.015317794355480594,0.0015083863182895438
id love to,0.0027309406095021365,0.0035791589561905528,0.004460070430640221,0.00859446654457647,0.014675538880523682,0.001941415895659899
if i had a dream the nigga was with a bitch he was with a bitch right,0.810677613952973,0.035863813592010824,1.0,0.8789285116525574,0.9226633239589418,0.6798283749122822
yeah,0.008171894329393876,0.002880786308247136,0.004835161553789091,0.013443556225818602,0.014290186413314818,0.0018115070073133125
right,0.003902837825447613,0.002039157945325243,0.0027956025974503716,0.004251999817708071,0.005619735968086606,0.0006928472783861276
at one point yes facewithtearsofjoyfacewithtearsofjoyfacewithtearsofjoytiredfacetiredface,0.0032959625994830937,0.0007901458835774741,0.0013890100302322904,0.012502687446252995,0.011143133257157368,0.0025909601860380303
basically,0.0036098629707607714,0.0011796228255157113,0.00204541984424311,0.010259080131743047,0.008959464846745188,0.001392911834956358
i don’t need this right now,0.011855002225367398,0.0034717164783411303,0.00453039956476434,0.011199948911308658,0.044591920812376035,0.0020135874666624915
don’t tell me this,0.012440950833340136,0.004313344841263023,0.007390471168798725,0.018799265683328358,0.026173631540419746,0.002461051449046248
it could mean that’s what you fear or it’s gone happen,0.005325856660096366,0.006677066904870131,0.0028659322384840145,0.006495607132218015,0.029787566317986524,0.001436214747286952
definitely,0.0018938707132464061,0.000691657752433664,0.0012600723972464067,0.007219351939818985,0.005876637953628052,0.0012196998829243717
fasho,0.2161151253984012,0.026071678373090018,0.05002883429994852,0.2648354096506156,0.23689464012426292,0.0232147602122741
most definitely,0.0015381156741639335,0.000691657752433664,0.0009201459678869774,0.0064594201566801415,0.005748187471960632,0.001306305858940365
viola is such a bad bitch and boss woman gangsta as fuck,0.9543268852522728,0.12353654630812982,0.5082969516796749,0.9680711887463204,0.9821157083905586,0.7844736338668314
her energy and presence is insane,0.4624630190754414,0.004187996436464636,0.02023293332275347,0.145633113818119,0.4087622841370822,0.015249857402678906
abaddon is a bitch,0.8760749472787122,0.007500787957611931,0.14820458431441091,0.8713952878345712,0.878566251113971,0.3507356100621768
i mean the last one isnt likely to get you burned at the stake lol,0.04899514310202042,0.4742940188892382,0.01755864469251852,0.09846298493660441,0.31183583632480955,0.02487581713824531
try something likeconrad isnt a bad guyor horus should be resurrected really get the peeps up in arms and ready to torture you xd,0.17876405302359857,0.7497889396783693,0.06992637131702181,0.21090875430335296,0.4922247990172083,0.20902404377512723
would that really have you in chains though lol,0.025618306710448804,0.009255672540944952,0.010531861083512917,0.04062783537053978,0.10533240822790786,0.0048282796438924
bitch i was selected that my mother honeybeehoneybeehoneybee,0.5164856010796718,0.009900324641579222,0.06445167876906245,0.8069658075074542,0.6991370995330353,0.3168119430813169
um not jealous at all gurl congrats,0.01009715419864729,0.0025226464675084954,0.004413183580859858,0.010982823879975314,0.029787566317986524,0.0017393354363107207
congrats which city,0.0016427494249634132,0.001770553410579044,0.002983148222388498,0.002587387289910195,0.007225375166582188,0.0004763325199719107
lucky you i’m on the waiting list wearyface,0.0024379657548152947,0.002236134760905317,0.00277215917256019,0.005590927446927685,0.008317209371788276,0.0007505845957301227
i was soo happy,0.003065768700172544,0.0027017159729084764,0.0043194111485729365,0.009028714488505757,0.012877224981733574,0.0018981129833293053
damn what city is that,0.08312111084642047,0.003686600050808845,0.014657866352880243,0.5955055914099894,0.4051952328653381,0.0341269285374275
lucky you smilingfacewithsmilingeyes,7.847525802956098e-05,0.0003559012194814604,0.0002637361538761581,0.0008865877865744474,0.0004014096974032347,0.000389726589362359
i’ve been wait listed wearyface,0.0004603886797418565,0.0001231108901261057,0.00018168486376111536,0.004975744625309038,0.0015735263736374049,0.0014795176596175462
waitlisted beyoncé bitch how dare you,0.7120749695287736,0.015563046028758645,0.17703562103287784,0.7400449674259114,0.8514803316648026,0.5328158487587538
me too i was so ready to swing on julius… ian gone hit bey but i may bust his knee caps cause i know it’s his fault,0.04190071121054117,0.47548954555296863,0.019341502512068013,0.08640052133313632,0.28125106722841453,0.0222376665673957
i’m so damn pissedenragedface,0.23154972872239152,0.005566834422171377,0.017685991770148755,0.5577233125417359,0.4620498938801429,0.03576986375263352
i was fucking waitlisted too,0.05286483052120677,0.0038656703861475045,0.00785933523114404,0.7944230409650472,0.3953175175787321,0.0341269285374275
damn i ain’t no sex all year yet lol ion know man i just haven’t been in the mood to be fucking like these niggas always want some pussy like bitch pay a bill that’s what tf you do,0.6654093273177152,0.17553422945132002,0.6969403905716609,0.8152561621377274,0.8612501734886491,0.6938479315415165
come see me at my job man i gotta show you some nice weed we be having,0.06476790955874849,0.11505311234058224,0.01692190930436734,0.14189838361025336,0.2398440128343935,0.01872013474325162
fuck these broke ass niggas raisedfistmediumskintone,0.8499813270245699,0.18364917617935456,0.8877144335523118,0.933008065684775,0.8687189566958546,0.9791084963090368
always want some pussy ion got it on me mannnnm,0.21097028332309314,0.010974742503917792,0.03892057869044088,0.722385439452617,0.7642084207716169,0.25590144198609516
caitlyn has been a messy bitch since before that term existed she knew she was a bitch etc,0.9300557090889875,0.01068823107396084,0.36927159107772717,0.933008065684775,0.9330362267899862,0.6770768656469142
she also made a real mess with that pedestrian under her car…i’ll see myself out…,0.08515980289779787,0.07168371236217724,0.023289260651331512,0.07441372102056788,0.24957170908001977,0.012478469197263226
im a chris brown fan but hes a fucking bitch for that ig story throwing shade at robert glasper,0.794960347089961,0.03872980486011535,0.17703562103287784,0.8845629865687737,0.8694483726611851,0.5345139739899409
it’s the coke,0.022319562412734133,0.004384972698752262,0.00621831069611699,0.1056757391281389,0.11200281741237987,0.009014232275590771
dude youre no fan of chris brown,0.024526123388037814,0.0035791589561905528,0.011328929419226738,0.0179307729735759,0.0969058276562461,0.0032116359690989686
his “apology” was even worse woozyface,0.175912724224152,0.0016272971423081182,0.00453039956476434,0.02311283283196926,0.23320792934763268,0.0030384241684217866
baby that’s what you’d do—everybody ain’t the same people in general are crazy,0.5941652731492235,0.0027554374884794126,0.03826715330624645,0.19486232705465595,0.47397858493809336,0.014787960377474993
this,0.005451417469448006,0.0010990411746133154,0.0015648341328163959,0.02921654452164939,0.02123458581110191,0.004424118725194042
you aint read robert’s shirt huh “who the fck is robert glasper” is literally roberts slogan atm in the pic chris posted dude had the phrase on his shirt chris wont hatin he was promoting,0.3775710762270978,0.0081454400582462,0.05035554762568263,0.5616443221423992,0.5171352583749822,0.08475612175536415
surprised him breaking rihanna’s face wasn’t enough for you,0.17852251579593553,0.7112350652189326,0.06272282835736226,0.16507542160122682,0.44084220416472414,0.035840924833434123
what did he post,0.0034843032628100777,0.002898693065134775,0.003264466786523066,0.006206111327915036,0.015960049830437504,0.0009310135989140046
flashback the baddest bitch of rock music evah,0.34320565951123005,0.007285904385144218,0.036960301270583786,0.6589750188496916,0.44334497481023194,0.035840924833434123
great takea,0.0018729437648343393,0.002594274878290184,0.0024908408618803833,0.0052290555728115515,0.0067115711954993,0.0011763969705937776
definitely one of the best signofthehornslightskintonefire,0.0037563514995051376,0.0039193909334566505,0.00485860447176975,0.012502687446252995,0.015060893392145754,0.002230102179670267
play “tattoed love boys” by the pretenders and that award will quickly become property of chrissie hynde,0.015078346817056734,0.007357532242633455,0.01039120129453611,0.013733055208227693,0.05167267745990072,0.002894081026416603
absolutely,0.00020926728131876685,0.00012087268383826309,0.0001875457516655061,0.003745377922703042,0.0013487365996301746,0.0008371904203913112
don’t forget ann wilson,0.002333332664856385,0.0019227627806475654,0.0026783863600911275,0.003564441985644975,0.008895239605911478,0.0006784130247275309
hell yeah and this,0.05802441374678858,0.00904078896847724,0.012782408836225183,0.3731377761448056,0.3237548981965646,0.02868647856940095
yea she is her or her former bandmate joan jett,0.013303538317154764,0.003525438408881405,0.007624903516789835,0.010765699908010674,0.03484707602878662,0.0022156679260116703
love lita however the baddest was wendy o williams,0.02061574801506975,0.004026833411306071,0.007812449141727959,0.015687163540328546,0.05318998165263654,0.0023455768143582573
close 2nd,0.0012242148623258769,0.00031561115480738255,0.000334065756891586,0.013515930176894349,0.005876637953628052,0.0031250299930829758
absolutely the best,0.003358743554859386,0.0039552055538168325,0.005069594155234961,0.007653599883748266,0.013647930938357906,0.001999153213003895
ron is a bitch loveisland,0.8556953951372732,0.008324509010353733,0.1661884162240485,0.8460117543335036,0.878566251113971,0.5080349806517458
a big one,0.0038400579714722672,0.0011706695853950042,0.0013421236873614494,0.005446178485407491,0.009601721343908702,0.001392911834956358
tony wonz bitch,0.6473632032224546,0.0038656703861475045,0.027746407101115957,0.8492427229418632,0.6017388011530587,0.5281335365209531
best believe i can defo bet on that hundredpoints,0.005074736142794036,0.005101251273644641,0.005608787478431774,0.012068440561692415,0.022439231759164107,0.002157930608667675
muhammad cheated on me and his bitch stole my car,0.776937374442605,0.0658704553145939,0.6502188693322084,0.8463121912977748,0.9226633239589418,0.6770768656469142
hardest l i’ve seen on my timeline today,0.018698953513494487,0.026788176881731712,0.00884394995216027,0.08331819698501909,0.14216140813206965,0.012247519927887243
help what,0.003107621936156108,0.0031852050483841786,0.003827103788064822,0.008956338418692603,0.015446244837148014,0.002302273902027663
im so sorry it’ll never happen again it was a dream,0.00478176238950814,0.005280322992214427,0.004999264260746558,0.008160220719384593,0.028582923436544134,0.0017537696899693168
i aint even got anything witty to say here idk if ur serious or not,0.040610819809749496,0.0039552055538168325,0.007109152604664156,0.030543440900505012,0.1502583781847623,0.004222038265844863
d is for deja i love deja but wtf man i cant stand that bitch she don’t never make no sense and she can’t keep a gf don’t be like deja,0.7109568383014538,0.04064046478336428,0.2861791088025375,0.7400449674259114,0.8399815295935246,0.5345139739899409
it’s too latefacewithrollingeyes,0.012735599817466317,0.0028270653459686497,0.0045772866679994655,0.05814284002784771,0.040292887836729276,0.005925287916654287
❝and i hate to commit but if its crime im your bitch ❞,0.515514132402446,0.16595368018185835,0.09033102822450083,0.8022313298668592,0.6957131571856381,0.25590144198609516
whoops u didnt see me double post,0.006246633358739511,0.0030777634004734346,0.0033582397257195095,0.006495607132218015,0.024366662618326453,0.00114752831192178
fcken weebs,0.3989177905680601,0.002594274878290184,0.11129698351219887,0.7988342522458136,0.4328332665446369,0.3507356100621768
i gotta say youre really selling me on this ship,0.012440950833340136,0.006247299759934703,0.00621831069611699,0.014746296879500343,0.06207598787074915,0.0031250299930829758
i just think it’s very cute of arnar to be overrun with foreign emotions and feel compelled to be hancock’s guard dog and do bad things for him in return for praise and affection,0.1118364949006396,0.010544975358982366,0.016157828105859733,0.03478950189726207,0.20168945629640198,0.006185105693347462
let them be silly guys who also kill people,0.5587418396697197,0.7377747612273342,0.12890838899532236,0.3536557632226961,0.6654386277930953,0.25590144198609516
“stop trying to make a gag character serious”,0.01337453131799141,0.0053161362293434825,0.006405856574509877,0.03877018573698543,0.0669297825916269,0.003355979111104152
anyway it was fun lmao,0.016782161214721113,0.004886369084408053,0.007202925417133218,0.08400315936375896,0.10001036110656687,0.007801749519495698
i made learned how to make a fake room to do this lmao,0.07159815391209094,0.00904078896847724,0.017303951804531856,0.19095424175217346,0.30772073920521276,0.01989264484678363
tiera is a sick bitch facewithtearsofjoyfacewithtearsofjoy,0.8711432042586174,0.013891217558492482,0.17161203130120123,0.8565688931467789,0.9021086198211861,0.6938479315415165
nah y’all lying like y’all had hella food foh facewithdiagonalmouthfaceholdingbacktears,0.17356509911976759,0.006211485139574521,0.01972354374495872,0.17792732252495957,0.21493054818920826,0.018133880069872627
raven is a disgusting evil bitch and i hope she receives all the nastiness she puts out into the world,0.9300557090889875,0.6142072388413291,0.46449536869255437,0.8713952878345712,0.9378861269037085,0.695553594241977
she been acting like this too,0.014084453616551251,0.003776135218478173,0.0065465156031224,0.015904287512293194,0.057741898319670394,0.0033271104524321546
reminder that i am that bitch idk,0.5142895838156332,0.010616603216471603,0.0444747064951947,0.8117002851480493,0.644795472118027,0.14524526318272132
i love uu,0.0032750359814913118,0.0022003209704838118,0.005233696355282904,0.0077259738348240126,0.00966594556253581,0.002562091678720837
i am in luv w u,0.00486546776007432,0.0031852050483841786,0.006312083508586053,0.011489446834349045,0.015060893392145754,0.004366381407850046
gorgeous,0.004133032826159109,0.002236134760905317,0.0045772866679994655,0.008160220719384593,0.010372427300533036,0.0021001934426784843
i just woke up and yelled look at u serving omg goddess loudlycryingfacesparklingheart,0.014368422315694997,0.0069635783348270825,0.009359699977194281,0.058673594341915145,0.08877185372454374,0.010515401315696213
i wish i had done my nails tho big l,0.015433308517037128,0.006533811189891655,0.008937723144811473,0.06291966063551574,0.08634495125307186,0.006820215730066997
its alenai’s world we’re just living in it,0.0120224162707026,0.006283112997063758,0.013907682078944413,0.013877802051010479,0.05521305629476637,0.00494375427858039
biden waits for baloon to finish its mission well son of a bitch,0.8499813270245699,0.009828695400858858,0.09137932345433813,0.6681791849234782,0.7995640938554948,0.2566419907744683
you know that thing facewithrollingeyesfacewithrollingeyes,0.005284003424112802,0.002558460672899339,0.0034520124114611906,0.009173463450025947,0.01774111399281079,0.0013640431762843603
that fool is compromised china is showing that they can do what they want while grandpa is in office,0.7745723692312779,0.004295437531082932,0.07972318609241025,0.22834700134189068,0.6599706402351184,0.02849105984042527
in my room covers over my head on tiktok like a lil bitchloudlycryingface,0.5910052877484077,0.025116347028234426,0.12890838899532236,0.8022313298668592,0.8010344869428296,0.34458268913559464
lemme get under there witchu,0.22897729667072805,0.1799648155797416,0.02277987360808438,0.2922411402884546,0.31891980985651225,0.0351303140254281
u ah foo,0.08101976339937474,0.0013765999177420118,0.003498898881059413,0.22845380689456282,0.16338225364646236,0.015018908890076947
lmaoooooo,0.00800448028405867,0.0010453206273041693,0.0017406582354005014,0.05548905256697999,0.02677595349224424,0.005838682243347904
me everynight facewithtearsofjoyfacewithtearsofjoyfacewithtearsofjoy,0.006999997113448398,0.0023435766854622876,0.003170693720599242,0.03823942506670577,0.03243778515486883,0.005983025233998283
legs up and all,0.039320921800552154,0.03204249374551296,0.015011704407187616,0.1372299787956866,0.1766683737401078,0.017559348582890676
bra why is this me rn loudlycryingfaceloudlycryingfaceloudlycryingfaceloudlycryingface,0.010180861772015364,0.0038477630759674118,0.005093037073215619,0.03930094216979027,0.04408615342960183,0.004655067994570023
lmao how i be,0.015007353816220089,0.0031493912579626734,0.005702560671082979,0.07646860497868141,0.05673035844308898,0.006704741095379005
me rn loudlycryingfaceloudlycryingfaceloudlycryingface,0.004091178488774599,0.0010632275225149219,0.0014710611936199524,0.027624270985760046,0.016473855845933597,0.004019957806495684
boy yo ass funnyfacewithtearsofjoyfacewithtearsofjoyfacewithtearsofjoy,0.17956918812981817,0.005853345852128331,0.02061497328837037,0.5634266358299833,0.4328332665446369,0.25590144198609516
facewithtearsofjoy tripping lil cuz,0.061109470841184434,0.0061398572820852825,0.00884394995216027,0.17591792256212455,0.153083655013352,0.01823158792081242
nihil better keep his bitch ass quiet i don’t wanna fucking hear it old man,0.5991465131278737,0.18364917617935456,0.29387739165477844,0.743789168389985,0.8687189566958546,0.6938479315415165
me to nihil if he says anything,0.04641535038782856,0.05019376439960894,0.015393745640078322,0.0665366896835952,0.0969058276562461,0.01091956223439457
lmfao,0.012664606816629672,0.0011706695853950042,0.0025846136743494456,0.08023587899311407,0.03801693461424536,0.0072821136633997394
olivia mind your fucking business bitch i swear to god loveisland,0.7044403004728224,0.03634147926443862,0.12890838899532236,0.9443560867972263,0.9378861269037085,0.7595168157993747
i’m actually upset,0.012664606816629672,0.002665902735779423,0.0064996296404337016,0.02039150531941919,0.04762653124226088,0.0017682040949827183
he dumbest porn plot be when that bitch act like she stucc in the dryer … bro what,0.5935675318413121,0.16383284105520723,0.2186612948927195,0.6742853861296111,0.8554152137603825,0.606352337390014
how abt ph couples who make up stupid captions but it’s the same girl or dude everytime “my neighbor let me fuck” thts ur girlfriend…,0.519955157244643,0.1362616834271399,0.13496787137806823,0.7400449674259114,0.756025963580759,0.5345139739899409
or under the bed rollingonthefloorlaughingrollingonthefloorlaughing,0.017847046314662295,0.001698925553089807,0.0017054934148836803,0.08879787694630145,0.06531185033652992,0.012998103539811135
oml and i don’t even watch that type of pornbut still make a person interested faceexhalingraisedhandmediumskintone,0.040610819809749496,0.006999392955187266,0.018450074235930168,0.30511144244656463,0.3473447381783989,0.0302498253741103
my cousins was just talking about this loudlycryingfaceloudlycryingface,0.010264568794682967,0.004080553958615217,0.006405856574509877,0.04222010890642912,0.04863806600780928,0.004250906773162056
lmao it be hilarious and they be like “can you just get me out of this window” like bitch move back facewithtearsofjoy,0.5706800346736527,0.06050437199245783,0.13129100315332357,0.693074508357605,0.698041089613858,0.2936696723608126
lmao of under the bed or in the window none of it makes sense,0.027074551507463775,0.005853345852128331,0.006593402199448003,0.12229105796422408,0.16869670577274695,0.01034218951501903
being allergic to peanuts is so cringe like… it’s just a little nut don’t be such a bitch ps i just ate some and i’m super allergic winkingfacewithtongue hahaha just took 2 benadryl and about to p tf o kissmark,0.5587418396697197,0.0382521364212253,0.14673383068814402,0.6107164310002288,0.6991370995330353,0.44753904036656206
yeah,0.0027518672274939185,0.001322879093786639,0.002068863269133292,0.007364101960707879,0.009152141591452922,0.0013784774299429568
yes… the one that looks like timmy,0.01168758707863125,0.004456601247857062,0.005350911959005245,0.007581223813935115,0.03243778515486883,0.0017393354363107207
i just told mikey about you smilingfacewithtear i’m heartbroken,0.01152017413469699,0.0047431119861984505,0.005468128196364489,0.01822027089661629,0.049396718104177194,0.003298241793760156
no i’m better than that,0.013303538317154764,0.0038119498388383567,0.006077651667504468,0.011199948911308658,0.04484480450376313,0.0018692443246573073
emma is a notorious liar,0.6213875760517574,0.0019585769860384107,0.013813910153567015,0.21090875430335296,0.4636150557415936,0.02966356918718326
yes sammie a real bitch loveisland,0.7109568383014538,0.0081454400582462,0.07799433568071006,0.7662834008768985,0.7958736724688975,0.4129699359565944
amen,0.0005545591215454435,0.0001141570967129477,0.0002637361538761581,0.0030578211500086484,0.0015735263736374049,0.0011763969705937776
the moment one of your friends gets your partners number and they start talking cheerio bitch they are gone you are constant beans and theyve gotten a whiff of chicken,0.6601287706177258,0.025116347028234426,0.14379234244471734,0.6961974213582225,0.6858205074605699,0.25590144198609516
why and what are your friends talking to your partner about,0.018131015013806043,0.003758229291529209,0.010203656176507508,0.015904287512293194,0.08553598716993657,0.0032116359690989686
crazy true yoo,0.07613447747122162,0.0015467161830212857,0.003873990004208283,0.12229105796422408,0.1368389316839556,0.011323722850383319
i just wonder why one would take the numbers of their gf or boyfriends which business do you want to communicate that you cant take through your friend,0.009846034782745906,0.0032747402160535084,0.005796332976642518,0.01496341873272758,0.049396718104177194,0.0021867992673396727
then the friends u choose aint good,0.03362765364473161,0.0019496230543021402,0.007578016920464232,0.013226432253853962,0.10710643756444288,0.0017826383486413144
first hand experience grinningfacewithsweatgrinningfacewithsweat they didn’t even last,0.004656200478755554,0.0016810186578790527,0.0026315001439476673,0.0037091909471651686,0.01570314784489606,0.0006206757073835356
not entirely truethere is lots of loyal friends and partners,0.0032750359814913118,0.002558460672899339,0.005350911959005245,0.0042158128421701975,0.013647930938357906,0.0007650188493887194
yes sammie a real bitch loveisland,0.7109568383014538,0.0081454400582462,0.07799433568071006,0.7662834008768985,0.7958736724688975,0.4129699359565944
amen,0.0005545591215454435,0.0001141570967129477,0.0002637361538761581,0.0030578211500086484,0.0015735263736374049,0.0011763969705937776
tanyel is so right olivia has had so many options and every decision has always gone her way it should’ve been what tanyel wanted for once olivia is such a bitch she had it out for zara and now tanyel loveisland,0.6884260738864975,0.018906701586059838,0.12890838899532236,0.5955055914099894,0.6710598747869816,0.25590144198609516
olivia having options isn’t her fault everyone chose to keep kai not just liv y’all reach hard when it comes to liv,0.0067907298321296305,0.003740320598117991,0.004835161553789091,0.005301429523887298,0.024848521610875293,0.0010464880822471908
suzy arin stop playing video games and clean the fucking house arin ugh shut up bitch i wish somebody would punch you in the face jon,0.7759161444705966,0.9999999999999998,0.2986888247737981,0.9038937957958535,0.9564360078982216,0.9278742895032284
potentially your most evil tweet,0.33801492205846323,0.005208694443109625,0.00814065404873337,0.09911869178923247,0.3473447381783989,0.012247519927887243
im going in,0.003044840980779814,0.00273753059326866,0.002139192910166934,0.016049036473813384,0.01570314784489606,0.0048571483025643975
stamper,0.003149475172139672,0.0007229947153101456,0.0007794866858196932,0.015180543764060927,0.010822006030782214,0.0028652123677446054
drinking abuse and lies,0.17876405302359857,0.035863813592010824,0.012969953954253785,0.09085275560757144,0.2914158487951945,0.023507887548963595
barry,0.0018520171468425573,0.0006827038206973918,0.0006798531121736204,0.008883964467616856,0.005683961208920318,0.0015372549769615414
pop skips,0.012948576617174367,0.0018600883016021488,0.004202194911213692,0.17591792256212455,0.10843695190029465,0.02487581713824531
this happened i was there,0.004656200478755554,0.006462181949171289,0.006358970485093798,0.011561820785424792,0.026294095521902004,0.0023600112193716584
is this that homestuck thing i keep hearing about,0.011855002225367398,0.006497996569531473,0.008281313330800653,0.020681001123722172,0.049902488553571205,0.003384847769776149
sonic the hedgehog hes not a big fan of these gain chumps,0.2905326901713371,0.005137065894004823,0.033349677249572524,0.21090875430335296,0.302625642393754,0.016866502288310777
barry,0.0033168892174748757,0.0017078787932105141,0.0016586069452854586,0.01648328441774267,0.014290186413314818,0.002764172138070017
olivia is suuuuuch a bitch had it out for zara because of tom and now tanyel because of kai she’s so peak loveisland,0.7396593359645937,0.019862030164453173,0.15555830809116217,0.722385439452617,0.8010344869428296,0.5322716071520599
please watch this review for tonight episode,0.0025007467101915886,0.00365078681367979,0.0035457850972028726,0.007146977988743239,0.011014682775489946,0.0012341342879377732
but she has a nerve cos she just went straight for kai not taking into consideration tanyels feelings she’s a right cow,0.26791092801014493,0.0047789266065586325,0.014376546774926629,0.12695946277879083,0.26713367850356773,0.010111240699707464
i agree about zara but she didn’t have it out for tanyel because of kai she and kai cut things off way before olivia moved to kai,0.00687443630409676,0.004205903746644731,0.0046710593537411475,0.005120493586829231,0.024366662618326453,0.0006784130247275309
hon kong oil hat massage,0.01742109381664715,0.007464973337251749,0.011844680711534557,0.014891044781651836,0.031474068191977754,0.0046839365018872155
brandon ayuik is an absolute turd karma is a bitch pal just another example of how but hurt your team is after getting their ass whooped qb or no qb,0.7396593359645937,0.15747025451369753,0.297726545753637,0.757050843721862,0.8010344869428296,0.5345139739899409
ok fat guy the only thing yoked on you is your lips nice philler,0.6300960669749334,0.016279543154169213,0.23642582506998921,0.23386339902243128,0.5772389621875001,0.03690684104544316
olivia is such a bitch the comments she makes to other girls are so catty loveisland,0.8193952024479706,0.00904078896847724,0.31796631513148965,0.7944230409650472,0.8687189566958546,0.529006021292572
because i cant stand her,0.08760622917412715,0.010330091786514652,0.015775786872969027,0.06859157364170873,0.2398440128343935,0.008494596722204423
she talks like shes eating something,0.0702023650130533,0.003543344335830369,0.012032227096836967,0.0464661709625549,0.1766683737401078,0.0057520761159771065
i can’t stand her,0.07473869407918869,0.008288695773224677,0.01109449897214634,0.0454046538594704,0.2002625069896724,0.006993427530744178
get you a david not my david bitch cause we will fight but you know skull,0.5587418396697197,0.4617899829666152,0.20957723545936582,0.7044968335909094,0.6698779688469982,0.34458268913559464
y’all are too cute faceholdingbacktearshearthandslightskintone,0.007920772710690596,0.00273753059326866,0.004483513475348261,0.04513927988054278,0.03340150313996651,0.004510724701210035
i literally thought you were at universal at first lol,0.01699513911583011,0.0037045087442200628,0.010016109791205098,0.026031997449870708,0.059649095621343295,0.003298241793760156
lol my gf name nicki,0.009929741254713034,0.0011706695853950042,0.003944319645241925,0.048058444498444236,0.0295466363106088,0.005780944926003909
the caption is me asffacewithtearsofjoy but im happy for you amiga smilingfacewithhearts,0.03120057898303999,0.004116368578975399,0.011375816015552341,0.2295218518275974,0.1502583781847623,0.015018908890076947
i hope to find my david one day,0.011855002225367398,0.01580187609851029,0.013907682078944413,0.019667760511818223,0.06288495195388444,0.005549995656627927
facewithtearsofjoyfacewithtearsofjoy love this let us know girl,0.012735599817466317,0.007321717622273273,0.011469589208203545,0.03266646875046178,0.049396718104177194,0.0052324405625907575
mannn i do not wanna get on your bad sidefacewithtearsofjoy,0.06592320205401794,0.0053161362293434825,0.012688636910847787,0.06516676174800934,0.1731254158779841,0.006040762551342278
i remember in the miami story time he carried you away that’s how k knew he doesn’t fight facewithtearsofjoyfacewithtearsofjoyfacewithtearsofjoy,0.01152017413469699,0.010115208214046937,0.007109152604664156,0.0157595396101417,0.06854771075789748,0.0039333519818344955
that grace bitch from kai stream is ugly af idky she on there,0.8556953951372732,0.04064046478336428,0.46449536869255437,0.8022313298668592,0.9152191043763936,0.6938479315415165
what’s the thooo,0.268182291175451,0.011332883174595111,0.46488482727903974,0.4068197048846049,0.3473447381783989,0.039969108968698736
everybody wana do threesomes whole time i just wana watch my nîgga fuck a bitch real good i don’t wana join in womanshruggingmediumskintone,0.5775198006381813,0.2497920381160956,0.6969403905716609,0.7944230409650472,0.7897783056086496,0.6938479315415165
me too facewithpeekingeye,0.008883403746718251,0.0039372982436367415,0.006030765578088389,0.021785937512482343,0.01882529595939073,0.0029518181924057937
so selfless very rare to see nowadays,0.10861398737366995,0.0020212506351451522,0.005983878601580644,0.00996958114933396,0.17755412598322126,0.003269373286442964
i’ll get off on my own right there,0.014226438516823599,0.009900324641579222,0.004952377664420954,0.019667760511818223,0.07178357731250463,0.003529191063136138
not even the girl eating you while he hitting her,0.07404079136916276,0.6105654402635176,0.0203602791331099,0.1883488621442055,0.4066865505218257,0.0341269285374275
oh you different,0.006999997113448398,0.00018578550749463654,0.0014476181489119129,0.006206111327915036,0.012106516980696038,0.00114752831192178
i am surprised ronald reagan hasnt clawed his way out of the grave run down the aisles of the house bitch slapping each of this crop of new republicans,0.6190712968183228,0.5946187218839253,0.22751926000609776,0.5020714964484351,0.611321732499642,0.23692725555446711
i apologize for ranting im canadian thats a thing for us i just have nothing but contempt and loathing for that bonzo fucking lying pandering shitbag my sincere hope is that when kissinger finally dies their punishment is giving each other eternal enemas sorry again,0.6884260738864975,0.6000005560589132,0.297726545753637,0.6742853861296111,0.6929036836711226,0.5295502780347464
nah hed be giving them kisses and handjobs while nancy waited out back for any stragglersspare me the russiaussr imploded and he made a speech all the while devastating central americaasian amp african countries usa pocnot rich amp declaring the war on certain drugs ffs,0.27342065320516334,0.15534940155473514,0.22948771641110774,0.42238329306568717,0.485933342264407,0.0766130289342108
hes the one who started them on this path theres a reason he kicked off his campaign in philadelphia mississippi a place known for only one other thing,0.012106121641268782,0.006247299759934703,0.007718676075804135,0.0013389281589039643,0.0418101930516717,0.0010897911459325895
i guess im not getting it but no need to be rude im having a great day im not getting the connection sorry,0.019905823513708017,0.005889159089257386,0.01156336240085475,0.02311283283196926,0.08796287941934243,0.002562091678720837
the cold war with russia started long before reagan,0.008297454037344568,0.006462181949171289,0.019214156701711584,0.007291728009632136,0.046867879145892966,0.002634263249723429
why would he he is the one who started this lunacy,0.31725203833145266,0.0032926466962949225,0.00715603932771714,0.032401091593428064,0.2882481736430386,0.005290177879934753
wasnt meant to offend you,0.02246154621160553,0.006999392955187266,0.006593402199448003,0.014529172907535703,0.09424479898454258,0.0027208690743846173
he would high five them,0.024890183761240844,0.4739729294475493,0.013157500339556196,0.0884553936381941,0.23763197819076254,0.020576611154972533
he wouldnt have liked this new bunch in moments of clarity,0.009050817241352982,0.005996601567106805,0.009734791480525293,0.008739216565465367,0.041051540955303785,0.0020280218716758926
he wasnt in control when he was president he had full blown alzheimers,0.4580549811916051,0.005065439419746713,0.06646867176089523,0.11813412695332375,0.3974637425612955,0.021553703286302885
fckin shill ass bitch just another douchebag not to trust no surprise here amc ape,0.9300557090889875,0.06810631979213685,0.36927159107772717,0.9680711887463204,0.9620087716329525,0.9264109155741109
looks like he got a stick up his a,0.3989177905680601,0.05558546516223128,0.02048762747801394,0.5078018336386181,0.5280575972548588,0.07118429988225923
houston is a shill he is one of thoose who planted the seed of doubt about aa in the beginning and praising cohen he is the same trash as spencer and cohodes,0.7424152063439693,0.003991018790945889,0.0497021209742144,0.2348887513967207,0.6222701683140798,0.03396277819755213
facewithtearsofjoyfacewithtearsofjoyfacewithtearsofjoy houston wade ain’t no shill…as matter of fact he’s an awesome dude,0.029380273812821996,0.004492415176601681,0.013345046724858605,0.07167388633677023,0.10936201820933941,0.00621397404930985
wow even houstonwade is on the hate train we must be even closer to moass than we thought,0.08434432453528559,0.005101251273644641,0.037940438713238524,0.017641275050535515,0.19678180150963964,0.005434521021939936
who is that,0.011436467662729863,0.005137065894004823,0.005936992385437183,0.017351777127495128,0.03725827740684444,0.002793040645387209
in any measure of intellect or retained knowledge i would crush you if we were to play a simple game of trivial pursuit you would be embarrased by your performance against me i bring sources you bring the herpa derp,0.4368604584334904,0.7194010393432705,0.03131212400748875,0.217779618433254,0.48477028581417325,0.09018485232086376
i disagree with houston on this but we’ve got to stop calling everyone who disagrees with us shills especially when they clearly lay out their reasoning i disagree with his analysis here and that’s ok it’s unreasonable to assume that thoughtful human beings with always agree,0.027195904965198123,0.001985437398016097,0.007390471168798725,0.00866684261438962,0.06935667892985917,0.0009526650550793017
got rid of the other bitch i almost married and now i’m starting to miss my ex wife faceholdingbacktears,0.6300960669749334,0.19073591188087366,0.19330644091885987,0.7291781115785234,0.65332650176033,0.2566419907744683
can confirm this is the best course of action blackheart,0.002124064282136671,0.0030777634004734346,0.0027487161278521507,0.008377344691349233,0.014547088398856262,0.0015805578892921356
you guys are so cute together — go get her blackheartblackheartblackheart,0.016498192515577364,0.01460771468390305,0.010016109791205098,0.05814284002784771,0.0969058276562461,0.00739758829808773
sir this is more confusing than a telenovella facewithmonocle,0.008255600801361004,0.0020749721507160885,0.0029597049242256965,0.008883964467616856,0.027980597395893234,0.0011186596532497825
only woman i let curse me out daily partly because she was sitting on the most beautiful package i’ve ever seen in person or on a screen and because we get along like best friends together apart though…grinningfacewithsweatgrinningfacewithsweat,0.10216897452253251,0.08375739741632895,0.12890838899532236,0.38026194592536566,0.3974637425612955,0.0341269285374275
good job she’ll wake up happy i’m sure facewithtearsofjoy,0.008297454037344568,0.005065439419746713,0.004788275337645631,0.012719811418217635,0.02810106239958209,0.0023311425606996608
catch flights and feelings purpleheart,0.001067263905706376,0.0015914834902097247,0.0016351639005774187,0.011344696813460151,0.014803991406604306,0.0013640431762843603
kyrie to dallas fml fuck u pat u sleeping bitch,0.7636243336786405,0.18206349534372585,0.21767709203569066,0.9038937957958535,0.9277014736405765,0.8192671369102282
we hit the trade deadline yet,0.004279519152101583,0.006175671902445466,0.004811718382353671,0.007146977988743239,0.023402947699848582,0.001681598118966725
this ain’t 2k lil bro shushingface,0.008841550510734687,0.0013945068129527626,0.002057141620051891,0.03425874546445723,0.02292108768509314,0.003962220489151689
what would the package be like for ky from y’all,0.011436467662729863,0.007608230435461353,0.007249812013458821,0.02682813739592148,0.050661139627732506,0.004510724701210035
done with ever hoping we will do anything,0.00712555682139909,0.004814741226918816,0.004553842862927142,0.006929855076147299,0.028582923436544134,0.0017537696899693168
i apologized to someone who wasn’t intending to make fun of me these men called me fat amp ugly chew glass bitch tf lmaooooooo,0.7109568383014538,0.02798233829633895,0.46488482727903974,0.7400449674259114,0.8514803316648026,0.5345139739899409
youre ugly and fat and stupid,1.0,0.00997195249906846,0.35410332474964556,0.5577233125417359,0.9458616894782249,0.5345139739899409
“chew glass” bahaha skull… hundredpoints adding that one to the rotation,0.017563076514117603,0.0030956698807148506,0.004389740409424437,0.012068440561692415,0.05217844688708813,0.0025765260837342383
isnt that the point tho men are making fun of your appearance and when you dish it back to them they make you the villain the lesson is dont dish out what you cant take,0.08570345991221016,0.00574590337427891,0.017176603459627814,0.012285565593025759,0.18609739143855591,0.003067292827093785
im gonna start telling ppl to chew glass nowloudlycryingfaceloudlycryingfaceloudlycryingfaceloudlycryingfaceloudlycryingface,0.02118368651475819,0.06363458530412644,0.014657866352880243,0.034524119443384835,0.12441980634226817,0.01086182506840538
me everytime posts,0.0027100139915103546,0.0004991574877523872,0.0010490836008728611,0.01648328441774267,0.010115525314991592,0.002489919956363441
eeeeeeee…resisting the fan girl urge to screen shot and send to everyone that responded to my comment starstrucknerdfacefacewithtearsofjoy,0.027195904965198123,0.23666845297134503,0.012594862450922773,0.044873897426665546,0.20359203833526468,0.017097450800912736
i need to use “chew glass” now loudlycryingfaceloudlycryingface,0.010766810379988105,0.006533811189891655,0.005561901262288314,0.012430313495177248,0.04408615342960183,0.0032116359690989686
olivia bitch you will not know peace when you come back loveisland,0.7109568383014538,0.11081139812327073,0.22456661341679707,0.7349583980030696,0.8554152137603825,0.5345139739899409
tell her again,0.005074736142794036,0.004850554464047871,0.002443954265554781,0.011055198890419761,0.02424619761463759,0.002244536584683668
rob pelinka is a stupid bitch facewithtearsofjoyfacewithtearsofjoyfacewithtearsofjoyfacewithtearsofjoy,0.9502687294072497,0.024877515575251655,0.3394209058538389,0.8463121912977748,0.9680287916445317,0.6938479315415165
he gon give the mavs that weak ass offer loudlycryingfaceloudlycryingfaceloudlycryingfacemanfacepalmingmediumdarkskintone,0.2948807567736127,0.019862030164453173,0.03156681816274922,0.5145290685597184,0.5647517885522858,0.0352724361870293
bruh that deal should have been done the mi ute he requested it i would have moved ad cripple ass for kyrie,0.3775710762270978,0.15110768872065475,0.07568920264329232,0.545417155999223,0.5980215468431465,0.1970655309277589
i have no idea what to make of this is this a robbery for brooklyn is this a mistake for dallas all i know is that i am a catty bitch who loves basketball drama and this is primo shit,0.5587418396697197,0.007464973337251749,0.12073165958984158,0.8463121912977748,0.7652200577578255,0.25590144198609516
why would dallas get rid of dinwiddie i thought he was a perfect pair with luka and he has no drama i feel bad for him,0.03144328589850868,0.006533811189891655,0.005374355130440666,0.00996958114933396,0.10089736657497496,0.0016382952066361308
seems like a good trade for the nets,0.004279519152101583,0.004384972698752262,0.005843219192785978,0.008015472817233103,0.019186688926044106,0.0015949922943055371
i think it depends if they extend him and can get him to play for say 2 playoff runs in and of itself dfs and a 1 with dinwiddie is a cheap pay for kyrie but if kyrie leaves then you’d have been better off getting bogdanovic or something,0.0057862455601184115,0.003632879503499699,0.003194137145489424,0.005627114422465558,0.02027087089262404,0.0009454478525726011
considering theyre only giving up a midlate first a guy who wasnt under a very long term deal dfs it feels like at worst its a safeish gamble if he walks dallas actually has some cap space that they could go after a new star player,0.005995512841437179,0.0018511350614814417,0.001986811979018249,0.003202570111528842,0.01834343696684189,0.0004763325199719107
ben shapiro is a bitch,0.9446324202014,0.007644043672590408,0.24393504334290653,0.8897463505100409,0.9418738570806365,0.529006021292572
he’s a grifting zionist,0.5876338994498369,0.010974742503917792,0.5740674484638715,0.2987623597778136,0.5126828944089636,0.2612704661082418
and extremely annoying,0.03706360276260893,0.0010363665572447837,0.003006591267096537,0.02152055823671122,0.09335778942730809,0.004106563782511677
whats up with ben,0.005074736142794036,0.001134855380004159,0.0013772885078782709,0.0070022290272230454,0.013647930938357906,0.0014795176596175462
weird way to spell based,0.013871477918244151,0.0012064832374933977,0.0037567741470311807,0.00844971864242498,0.03412428702886006,0.0009237963964073041
jordancon relisten foh wotbookspoilers fucking ronda makura bitch,0.7816852716166373,0.010616603216471603,0.08928272665829451,0.933008065684775,0.7652200577578255,0.7666238168727827
i love it when you talk dirty rollingonthefloorlaughing,0.4368604584334904,0.006283112997063758,0.026218243436826934,0.19616502215548345,0.4068356904651273,0.02253079541763324
foh wotbookspoilers i will say though it’s an interesting contrast to the bandits in tdr who thought they knew a tea that prevents channeling…,0.1415023042655925,0.005280322992214427,0.02698232463533454,0.08914035601693397,0.2053568269241133,0.006704741095379005
anything to undercut the lakers joe tsai u bitch ass nigga,0.897238917174559,0.07034218980260434,0.9806121807846376,0.9159841589334932,0.9458616894782249,0.6938479315415165
no but ky a distraction nigga never wanna just hoop,0.5133619178540669,0.052455246317638156,0.6502188693322084,0.4680662695677463,0.4873095901236536,0.34458268913559464
kyrie ain’t finna change anything,0.008674135363998536,0.00273753059326866,0.002983148222388498,0.005735676408447878,0.021716442759237547,0.001104225399591186
definitely do amp he damn near got swept,0.14947712998999546,0.009255672540944952,0.02099701452126108,0.4918467663468984,0.38233108801680127,0.0341269285374275
mf sat here and said nets won the trade yeah ok nigga,0.5741105682030738,0.011189626076385507,0.7627555334120918,0.5204490009667406,0.6222701683140798,0.31218348288302383
tbrooks you don’t know ball man it’s sad to say,0.1134477497655254,0.0030061347130455208,0.005468128196364489,0.04699693057346584,0.22040125481674766,0.00563660163264392
they just gave up what they lacking in,0.015362315516200483,0.0030598566435857937,0.006030765578088389,0.00866684261438962,0.039281351026767664,0.0012630029466097704
nigga said everything but points facewithtearsofjoyfacewithtearsofjoyfacewithtearsofjoywtf,0.5587418396697197,0.01126125531710587,0.7236244880420859,0.5276842137747862,0.5980215468431465,0.35071482904749324
bitch thats marilyn manson,0.7109568383014538,0.010831486788939314,0.12890838899532236,0.8166318583359031,0.7753361005137993,0.335325783874489
i’m scared,0.0046980548161400645,0.003417995931031984,0.0035457850972028726,0.0070022290272230454,0.02376434066650196,0.0011186596532497825
yes dr i would rather look like an alien than have one wrinkle,0.07892607729731588,0.009828695400858858,0.036960301270583786,0.06824909033360138,0.20097597653200416,0.0087255458402256
i thought that was a wax figure of tila tequila,0.010850519054757125,0.0054952051814510135,0.011938452636911954,0.019088763606368745,0.042315962478859104,0.0031250299930829758
i thought that was the evil doll,0.051574932512009425,0.008109625437886018,0.014095228464246821,0.08092084560932876,0.17489688969801293,0.0066470039293898145
yoda is looking thru the window behind her,0.014226438516823599,0.010544975358982366,0.008797063736016807,0.017062278145086037,0.06854771075789748,0.0036446656978241284
moar like the nope show amirite,0.01699513911583011,0.004599856271219973,0.009500359766171087,0.017207028165974934,0.05647747679611508,0.003442585087120145
this is immediately what came to mind when i saw this photo,0.0023751847994390026,0.003794042528658264,0.0037567741470311807,0.007581223813935115,0.01737301228422535,0.0015083863182895438
what the fuck did she do to herself,0.37585234004940427,0.007608230435461353,0.02061497328837037,0.8309884865658801,0.7434798086245816,0.25590144198609516
why you sayyy thatttttrollingonthefloorlaughing,0.003986544848115214,0.0008662508452579615,0.0012249075767295859,0.03187033410125452,0.01798204297798191,0.00300955550974979
is madonna behind her or something,0.019905823513708017,0.004420787319112444,0.007249812013458821,0.01677278022204565,0.07259254139563993,0.0022156679260116703
julieanne is a bitch she coercively controlled ruairi when it suited her and now drops him like a tonne of bricks when he’s at his lowest sure don’t book him but man treat him with more sensitivity thearchers,0.7816852716166373,0.05603263750444742,0.1452630897346152,0.6933463953353207,0.7836828876380717,0.3507382133648174
ive been for a walk in the woods finished a bottle of malbec and it all made sense up until i read it then thought nah post anyway no one knows me rollingonthefloorlaughingrollingonthefloorlaughing thearchers,0.011603880606664119,0.0047072987490693954,0.008328199546944115,0.016049036473813384,0.04332749724440751,0.003355979111104152
and now he’s lost his 3rd thearchers,0.018414984814350735,0.004957996250281727,0.0051399232893590795,0.013660680197783246,0.05217844688708813,0.0025332230200488396
she truly is as cold as ice thearchers,0.05931431175598593,0.0033284607633626544,0.010297429369158713,0.11157707961441729,0.17755412598322126,0.01230525724523124
agreed its fairly easy to see why shes not having conventional relationshipsb she would be terrible at them thearchers,0.03010839676202995,0.00603241618746699,0.010062996387530701,0.0544275386420016,0.11732316767076077,0.004597330677226028
was ruairi actually receiving a salary from her or was it more of a casual sugar mommy arrangement the scandalous affair with awkward age gap trope seems like a common theme with thearchers,0.06168711708881917,0.0030598566435857937,0.010813179394192726,0.019378261529409135,0.11231971168121417,0.003558059570453331
well exactly,0.0001883407734670807,0.00021264550450298368,0.00019340651284251598,0.0013208346711350294,0.0011560599571431014,0.00037529229029732106
if she had more sensitivity she wouldn’t be with ruairi perhaps,0.020473762013396457,0.0013945068129527626,0.002889375409919435,0.0005970898635340623,0.04004000618975538,0.0004835496770721698
i mean she just shouldnt have answered the door to him regardless of how i feel about the morals of the situation i do get that she has bought a product or service and not an emotional bond i do think she was not great at keeping the boundaries of that though thearchers,0.020473762013396457,0.0026479954255993303,0.004061535882601169,0.009245837401101693,0.05015537224495831,0.0012485685415963693
she pays him she is the john he is the tart she holds all the cards do you think sex work is work its not a natural relationship thearchers,0.06322751222238288,0.003794042528658264,0.01628517518348997,0.133495248587821,0.3086165090730305,0.012247519927887243
tina a real prude ass bitch 1000lbbestfriends how you mad cause yo friend be talking about sex too much but you got 4 kids,0.6091089049730982,0.16595368018185835,0.24393504334290653,0.6641618998950539,0.8260202318168761,0.6912929564900346
ok spoke to soon i like tina still a prude though,0.1889493574064735,0.0026121813585315984,0.008797063736016807,0.04354700210717863,0.24137509432771753,0.004308644090506051
i think whips make for such badass weapons especially for wicked ass mfers i mean like thick metal and razor sharp capable of denting armor and slicing flesh total bad bitch weaponset def need to draw more whips,0.6258094475314873,0.4739729294475493,0.35263290695093763,0.7400449674259114,0.7642084207716169,0.5284268924033976
now consider variations of anime wire weapons not necessarily nearly invisible slices everything monofilaments but still long strong and looking to get your badass on consider the amount of skill that would go in to restrain hotheaded teammates without strangling them,0.11022523783295193,0.38486334049930043,0.019468850856972055,0.1493678334322976,0.28826207565283235,0.01920868156569082
don’t forget immobilizing disarming and zone control extremely versatile,0.01742109381664715,0.00997195249906846,0.006312083508586053,0.0018636430119935796,0.06612081850849162,0.0031827671590721664
definitely my favorite weapon,0.014439415316531645,0.18159711130437614,0.007109152604664156,0.017641275050535515,0.11377484322397406,0.03279026431015
yeah,0.001977577295353629,0.0004722973524209275,0.0005860802997045577,0.010041956159778407,0.0067115711954993,0.0019125472369879019
i fuckign love castlevania so fucking much,0.05931431175598593,0.002236134760905317,0.010625634276164125,0.8309884865658801,0.3860497325276929,0.25590144198609516
the cutting power the average bullwhip has is really surprising,0.03132193133937339,0.009828695400858858,0.01104761110854693,0.034524119443384835,0.11284787561064867,0.005319046387251947
even though they are purely fictional i always loved whipchain swords elegance of a sword with good reach,0.013019569618011016,0.0334754879963341,0.009969224462153304,0.016193785435333577,0.08230012674856901,0.004741673819231212
abyssal whip confirmed this,0.09089019927953962,0.004850554464047871,0.02851049083417118,0.1540362488405514,0.18415476956707413,0.020088063575759308
when ever i think of weapons i just think of that one guy in game of thrones who used one to choke people for his horse,0.03132193133937339,0.4739729294475493,0.022907220685714613,0.07098892501739905,0.27484811840148093,0.01862242537876378
those whip cracks just hit different in osrs facewithsteamfromnosetwohearts,0.040610819809749496,0.025355179864448324,0.02698232463533454,0.10305291171762669,0.13506477968262828,0.011265985533039325
rosé is simply one of a kind at the end of the day every damn bitch wants to be her but never will,0.7260522762178446,0.019384365875256507,0.29099054192155716,0.8713952878345712,0.7958736724688975,0.29829813255910564
and every other jealous nolifes wants others to be her because they cant themselves then the results are halfbaked replicas thats not even counting the talent,0.26564968578202874,0.0026300885303885777,0.02125170740924774,0.04301624673374249,0.2766521086135346,0.006473792128712634
i took my mother to aldi yesterday to get out of the house and the car she says the woman behind us in line looked like a complete bitch with her dopey husband facewithtearsofjoy,0.7499299879068467,0.010974742503917792,0.3536131812591635,0.7400449674259114,0.7702780791358125,0.25590144198609516
i am careful which aldi i frequent they tend to attract people like that in some areas,0.007083703585415526,0.002558460672899339,0.008797063736016807,0.006712731104182659,0.02822152740327095,0.001032053828588594
like mother like son winkingfacefacewithtearsofjoyfacewithtearsofjoy,0.008297454037344568,0.0033463680735427454,0.0067809476976587475,0.012936935390182275,0.029305707325437687,0.0030384241684217866
well we’re all taught the importance of situational awareness sounds like mom’s on her game,0.01118534494262564,0.001304972060252773,0.0026315001439476673,0.0028406977077283582,0.027498740447757596,0.0005124182752022455
very funny sounded like me with my daughter once upon a time,0.01009715419864729,0.006712880141999186,0.009453473169845485,0.01677278022204565,0.03953423676256797,0.003269373286442964
wow kinda funny,0.003086695318164326,0.000919971807536446,0.0015765557818977966,0.00823259467046034,0.010372427300533036,0.0017393354363107207
apple doesn’t fall far from the tree,0.017705062515790897,0.0033821813106718005,0.008046880982809545,0.00968008322629357,0.05420152152921796,0.002114627696337081
well u 2 are related for sure lmao,0.02440476993030347,0.008073810817525836,0.012219772214865568,0.06996148568676405,0.11020706618554219,0.007570800250119716
call me crazy but i kinda like this team if ben stops playing like a bitch,0.7424152063439693,0.010401719644003889,0.11758678023669875,0.7662834008768985,0.7702780791358125,0.18112083199578727
this team won’t be bad but it’s not title contending either,0.00687443630409676,0.003131484086105694,0.0061245378836479285,0.007870721736975502,0.026294095521902004,0.0009959679674098958
i mean you gotta move some of the guards on the bench right,0.008171894329393876,0.010401719644003889,0.007812449141727959,0.009318210292808733,0.041304422602277686,0.002461051449046248
theres a better chance of trae becoming a pass first gut over ben not running from the rim,0.01193870759593358,0.0061398572820852825,0.0031003643330203617,0.009028714488505757,0.03852269893039976,0.0015805578892921356
shut the fuck upoh my god brendon,0.604127709050486,0.05379676749397996,0.04480142108820262,0.9417967579467931,0.8612501734886491,0.6620409160977645
this is mean,0.017066131015265808,0.0015377623896081268,0.0028190457688857928,0.021785937512482343,0.05167267745990072,0.0046839365018872155
didnt laugh,0.0018938707132464061,0.00012087268383826309,0.00021684968427793648,0.005735676408447878,0.006390442946917542,0.0017393354363107207
why are u like this,0.0120224162707026,0.00603241618746699,0.007718676075804135,0.01648328441774267,0.044591920812376035,0.0039333519818344955
ur gonna pay for this,0.02288750201382352,0.07034218980260434,0.00453039956476434,0.03001268128959406,0.1332906072371689,0.009591604843611505
is this just a grey rectangle,0.010850519054757125,0.004922182321537108,0.01090695258684393,0.014891044781651836,0.03677450688794896,0.0035003224044641403
y’all gotta get that mimsy bitch outta here ain’t no way y’all still giving her attention after that bullshit can someone just go beat the fillers out that btch,0.8499813270245699,0.7193084320192664,0.30723900709757695,0.8166318583359031,0.9226633239589418,0.6938479315415165
she blocked me when i said something about the situation on her first post back loudlycryingface,0.01557529231590853,0.004170089126284545,0.004694502271721806,0.039035562894019146,0.06369392625908575,0.0037312715224853167
she’s just blocking everyone who’s still calling her out on it lolol,0.06765614630392688,0.010115208214046937,0.012313544140242966,0.08126331832374907,0.2328392603143829,0.009995766065019474
i said “ you barely gave it a week and are already hiding the apology with retweets of artist that you’re using to drown your feed” and got insta blocked lol,0.045770401933930366,0.008002184343267726,0.009265928051816882,0.05973511356373705,0.18512609072488106,0.007166639028711751
as if shes responding to all of her remaining incels to try and hide the tweets still calling her out loooool,0.3107330664067285,0.008431951488203152,0.22062972595225333,0.2789840838041241,0.38233108801680127,0.0341269285374275
she literally blocked me today lmao,0.07369184552115454,0.01293588621363689,0.017303951804531856,0.184440776841723,0.28825510420380346,0.020869736978113985
she blocked me on insta for saying like she’s acting like nothing happened zzz,0.03168599281397737,0.0068561358569776635,0.012219772214865568,0.07441372102056788,0.16426800588957582,0.008436859404860428
i just blocked and left it at that,0.02416206081203289,0.017951370241204245,0.008375085763087575,0.058673594341915145,0.1502583781847623,0.006993427530744178
dudeloudlycryingfaceloudlycryingface,0.03205005649138325,0.0028270653459686497,0.0021743576039563745,0.22121505579504802,0.1022278798886201,0.021749122015278566
lmfaoooooooooooooo,0.019905823513708017,0.0018421811297451695,0.0021978006486644136,0.16655394012575,0.0766373720333824,0.0194041002946665
harry what the fuck,0.2633884215258936,0.004349158078392078,0.013345046724858605,0.8969095474336326,0.5619307027707663,0.25590144198609516
stop,0.004112106208167327,0.0008707273961567584,0.00101391878035604,0.022316695004655888,0.01846390197053075,0.004770542477903209
ur evil,0.4166236148127459,0.0069635783348270825,0.01109449897214634,0.21548932685872463,0.36909883821110645,0.0341269285374275
my first generation legal immigrant ass loves this country more than some of you will ever do let that sink in facewithraisedeyebrowunitedstates,0.5523205620089888,0.12777825775897908,0.5806891315257872,0.5577233125417359,0.639338933273998,0.279784276630453
second generation scottish american and i love this country very much as well,0.007878919474707032,0.005889159089257386,0.02239783237519367,0.013154057243409512,0.03801693461424536,0.0033271104524321546
amen,0.00041853500319791355,0.0,2.6373678751306245e-05,0.003998689929574259,0.0015093006217003929,0.0017682040949827183
that i have no doubt about to many take our country for granted and whine about it like spoiled the pussys pardon my language they are god bless america we need more americans like you welcome home,0.43881551119835843,0.010903116029659682,0.22358239788703016,0.4815101775039744,0.48477028581417325,0.06032684329190414
too many dont appreciate what they have because they have never been exposed to the real world,0.025132890676709534,0.0030956698807148506,0.011657134326232148,0.011851319767833882,0.09424479898454258,0.002374445473030255
i’m about ready to walk out twitter’s door because no one cares,0.06168711708881917,0.011117999602127396,0.013907682078944413,0.07372877029488376,0.20121380312013679,0.00820591028683925
the usa is a mafia state masquerading as a country the reality is far darker than you can imagine,0.34320565951123005,0.008969161110988003,0.4384791245186209,0.08674299828503144,0.3654020178111777,0.01969722611780795
my third generation legal immigrant ass loves this country more than some of you will ever doitalyirelandunitedstates,0.4998909031522833,0.021533860017950462,0.48321663990344693,0.47899628497722807,0.5619307027707663,0.25590144198609516
and that is the problem you came here followed the rules because you believed in the ideals we had now they walk into this country and demand we treat them different we the older generations still have love and respect for our country youth does not seem toglad you are here,0.02274551601215023,0.0018421811297451695,0.059176809955051445,0.0065679832020311656,0.0951318085417771,0.00280747505040061
amen,1.0463308995890992e-05,5.819806646973225e-05,0.0,0.0012122726851527092,0.0,0.0007000644808928282
who the fuck is robert glasper,0.47590536431057623,0.005459391944321958,0.061137089909456155,0.8845629865687737,0.8399815295935246,0.5277816366000555
i gotta get my skills up ima start playing the harmonica,0.01493636081538344,0.022966855652002724,0.011938452636911954,0.04911995736405392,0.0951318085417771,0.006156236731965855
my dumbass ðÿ˜­,0.4042153088426324,0.002092879322573068,0.012594862450922773,0.6422488158914264,0.40220724118976586,0.20105170187688162
cmon bro,0.0076277989574047,0.0008752040853786686,0.001670328594366859,0.04248548712283154,0.020511797833381955,0.004077695123839679
jazz musician w soul kinda fused w some hip hop idk how to describe it but hes hella dope,0.41046236690157706,0.008969161110988003,0.061790514026376774,0.2987623597778136,0.3827877383723264,0.02849105984042527
a trendsetter,0.012189830316037806,0.0023077626183945557,0.004061535882601169,0.022582074280427012,0.0295466363106088,0.0036157968877973262
